Ordem,EOL,TIPO DE U.E,NOME,DRE,SIGLA/LOTE,E-MAIL,ENDEREÇO,Nº,BAIRRO,,CEP,TELEFONE,TELEFONE2,EMPRESA,COD. CODAE
1,86,EMEI,PAULO CAMILHIER FLORENÇANO,GUAIANASES,G,emeipcflorencano@prefeitura.sp.gov.br,RUA FELICIANO MENDONÇA,502,JARDIM SÃO PAULO,"RUA FELICIANO MENDONÇA, 502 - JARDIM SÃO PAULO",08461-120,25578348,2557-1947,Apetece Sistemas de Alimentação Ltda,6660
2,94,EMEI,VICENTE PAULO DA SILVA,FREGUÊSIA / BRASILÂNDIA,FO,emeivipsilva@prefeitura.sp.gov.br,RUA DR. FLEURY SILVEIRA,295,VILA SANTA MARIA,"RUA DR. FLEURY SILVEIRA, 295 - VILA SANTA MARIA",02563-010,39813227,3981-3227,SHA Comércio de Alimentos Ltda,6739
3,221,EMEI,NAIR CORREA BUARQUE,FREGUÊSIA / BRASILÂNDIA,FO,emeincbuarque@prefeitura.sp.gov.br,RUA SANTA ANGELA,51,VILA PALMEIRAS,"RUA SANTA ANGELA, 51 - VILA PALMEIRAS",02727-000,39316339,3932-9355,SHA Comércio de Alimentos Ltda,6722
4,230,EMEI,MARIA YOLANDA DE SOUZA PINTO HAHNE,JAÇANÃ / TREMEMBÉ,JT,emeimyspahne@prefeitura.sp.gov.br,RUA GASTÃO MADEIRA,S/N,VILA MARIA ALTA,"RUA GASTÃO MADEIRA, S/N - VILA MARIA ALTA",02131-080,2955-9902,2955-9902,SHA Comércio de Alimentos Ltda,6793
5,248,EMEI,"WALFRIDO DE CARVALHO, CEL.",JAÇANÃ / TREMEMBÉ,JT,emeiwcarvalho@prefeitura.sp.gov.br,RUA VICENTE QUEIROL,200,JARDIM MARTINS SILVA,"RUA VICENTE QUEIROL , 200 - JARDIM MARTINS SILVA",02323-040,29954062,2995-4062,SHA Comércio de Alimentos Ltda,6779
6,426,EMEI,"CELIA CAMARGO PENTEADO ELIAS, PROFA.",SÃO MATEUS,SM I,emeiccpelias@prefeitura.sp.gov.br,RUA JOSE VIEIRA DO RIO,257,PARQUE SÃO RAFAEL,"RUA JOSE VIEIRA DO RIO, 257 - PARQUE SÃO RAFAEL",08320-120,20196061,,SHA Comércio de Alimentos Ltda,11329
7,442,EMEI,"ANTONIO RUBBO MULLER, PROF.",IPIRANGA,IP I,emeiarmuller@prefeitura.sp.gov.br,RUA CARMINHA,123,PARQUE SÃO LUCAS,"RUA CARMINHA, 123 - PARQUE SÃO LUCAS",03240-040,29187032,6104-1127,Singular Gestão de Serviços Ltda,6853
8,493,EMEI,AURELIO BUARQUE DE HOLANDA FERREIRA,CAPELA DO SOCORRO,CS,emeiabhferreira@prefeitura.sp.gov.br,RUA DR. ARMANDO FAJARDO,400,JARDIM SÃO BERNARDO,"RUA DR. ARMANDO FAJARDO, 400 - JARDIM SÃO BERNARDO",04844-590,59287612,5928-7612,P.R.M. SERVIÇOS E MÃO DE OBRA ESPECIALIZADA EIRELI,6593
9,531,EMEI,MARIA EUGENIA FAKHOURY,CAPELA DO SOCORRO,CS,emeimefakhoury@prefeitura.sp.gov.br,RUA CONSTELAÇÃO DO ERIDANO,200,JARDIM CAMPINAS,"RUA CONSTELAÇÃO DO ERIDANO, 200 - JARDIM CAMPINAS",04858-580,55263674,,P.R.M. SERVIÇOS E MÃO DE OBRA ESPECIALIZADA EIRELI,6592
10,558,EMEI,SENA MADUREIRA,IPIRANGA,IP I,emeismadureira@prefeitura.sp.gov.br,RUA LOEFGREEN,1963,VILA CLEMENTINO,"RUA LOEFGREEN, 1963 - VILA CLEMENTINO",04040-033,50844154,5571-8228,Singular Gestão de Serviços Ltda,6839
11,9130,EMEI,OLGA BENARIO PRESTES,GUAIANASES,G,emeiobprestes@prefeitura.sp.gov.br,RUA IGARAPÉ DA FORTUNA,195,INÁCIO MONTEIRO,"RUA IGARAPÉ DA FORTUNA, 195 - INÁCIO MONTEIRO",08472-400,25552615,2555-4188,Apetece Sistemas de Alimentação Ltda,6661
12,9270,EMEI,DINA KUTNER DE SOUZA - DINA SFAT,JAÇANÃ / TREMEMBÉ,JT,emeidksouza@prefeitura.sp.gov.br,RUA MANUEL ARAUJO ARAGÃO,317,JARDIM SANTO ALBERTO,"RUA MANUEL ARAUJO ARAGÃO, 317 - JARDIM SANTO ALBERTO",02356-170,22035927,2204-4883,SHA Comércio de Alimentos Ltda,6781
13,9911,EMEI,SAVA POPOVIC,JAÇANÃ / TREMEMBÉ,JT,emeispopovic@prefeitura.sp.gov.br,RUA FRIBURGO,12,LAUZANE PAULISTA,"RUA FRIBURGO, 12 - LAUZANE PAULISTA",02440-000,22323509,2231-8002,SHA Comércio de Alimentos Ltda,6780
14,9989,EMEI,OTAVIO JOSE DA SILVA JUNIOR,IPIRANGA,IP II,emeiojsilva@prefeitura.sp.gov.br,RUA DO FLAMENGO,27,HELIÓPOLIS,"RUA DO FLAMENGO, 27 - HELIÓPOLIS",04236-190,22732456,2069-9181,Singular Gestão de Serviços Ltda,6806
15,11045,EMEI,EDER SADER,SÃO MATEUS,SM II,emeiesader@prefeitura.sp.gov.br,RUA SARGENTO HERMINIO AURELIO SAMPAIO,477,CONJ. HABIT. MARECHAL MASCARENHAS DE MORAIS,"RUA SARGENTO HERMINIO AURELIO SAMPAIO, 477 - CONJ. HABIT. MARECHAL MASCARENHAS DE MORAIS",08311-410,29191940,2919-1940,Comercial Milano Brasil LTDA,8470
16,11380,EMEI,"ANTONIO ROBERTO ALVES BRAGA, DR.",SÃO MIGUEL,MP I,emeiarabraga@prefeitura.sp.gov.br,RUA DOS ESCOTEIROS,110,SÃO MIGUEL PAULISTA,"RUA DOS ESCOTEIROS, 110 - SÃO MIGUEL PAULISTA",08050-350,20517300,,Singular Gestão de Serviços Ltda,6702
17,11541,EMEI,"YOLANDA BASSI, PROFA.",SÃO MIGUEL,MP I,emeiybassi@prefeitura.sp.gov.br,RUA DO CARDEIRO,12,VILA SANTA INÊS,"RUA DO CARDEIRO, 12 - VILA SANTA INÊS",03812-110,25460815,,Singular Gestão de Serviços Ltda,8553
18,11568,EMEI,JOSE ROSCHEL CHRISTI - JUCA ROCHA,CAPELA DO SOCORRO,CS,emeijrchristi@prefeitura.sp.gov.br,RUA GENTIL SCHUNCK ROSCHEL,79,JARDIM N PARELHEIROS,"RUA GENTIL SCHUNCK ROSCHEL, 79 - JARDIM N PARELHEIROS",04890-410,5921-9964,,P.R.M. SERVIÇOS E MÃO DE OBRA ESPECIALIZADA EIRELI,6594
19,11886,EMEI,"MARIO BENI, DEP.",GUAIANASES,G,emeimbeni@prefeitura.sp.gov.br,RUA SARA K. DE OLIVEIRA,258,CASTRO ALVES,"RUA SARA K. DE OLIVEIRA, 258 - CASTRO ALVES",08474-000,22822361,2282-2361,Apetece Sistemas de Alimentação Ltda,8481
20,12246,EMEI,"FAUSTO RIBEIRO DA SILVA FILHO, DR.",SÃO MIGUEL,MP II,emeifrsilva@@prefeitura.sp.gov.br,RUA ALEXANDRE DIAS NOGUEIRA,365,VILA NOVA CURUÇA,"RUA ALEXANDRE DIAS NOGUEIRA, 365 - VILA NOVA CURUÇA",08031-240,20352297,,Singular Gestão de Serviços Ltda,6703
21,13111,EMEI,CAIO GRACO DA SILVA PRADO,FREGUÊSIA / BRASILÂNDIA,FO,emeicgprado@prefeitura.sp.gov.br,RUA PEDRO POMAR,74,JARDIM TEREZA,"RUA PEDRO POMAR, 74 - JARDIM TEREZA",02375-020,38512404,3851-3508,SHA Comércio de Alimentos Ltda,8503
22,13218,EMEI,SEVERINO DO RAMO,SÃO MIGUEL,MP II,emeisramo@prefeitura.sp.gov.br,RUA FRANSCISCO MONTEIRO TAVARES,235,JARDIM ROBRU,"RUA FRANSCISCO MONTEIRO TAVARES, 235 - JARDIM ROBRU",08150-190,25147465,,Singular Gestão de Serviços Ltda,8506
23,13226,CEU EMEI,"CARLOS OLIVALDO DE SOUZA LOPES MUNIZ, DR.",SÃO MIGUEL,MP I,emeiceucarlososlmuniz@prefeitura.sp.gov.br,RUA CLAREAR,141,JARDIM SÃO CARLOS,"RUA CLAREAR, 141 - JARDIM SÃO CARLOS",08062-590,20454212,,Singular Gestão de Serviços Ltda,7238
24,13315,EMEI,"MARIA LUCIA PETIT DA SILVA, PROFA.",FREGUÊSIA / BRASILÂNDIA,FO,emeimlpsilva@prefeitura.sp.gov.br,RUA SOLAR,303,JARDIM ANTARTICA,"RUA SOLAR, 303 - JARDIM ANTARTICA",02652-160,22585306,2258-2221,SHA Comércio de Alimentos Ltda,8569
25,13358,EMEI,"JANIO QUADROS, PRES.",JAÇANÃ / TREMEMBÉ,JT,emeijquadros@prefeitura.sp.gov.br,RUA CANTO DO ENGENHO,240,JARDIM JOAMAR,"RUA CANTO DO ENGENHO, 240 - JARDIM JOAMAR",02322-210,22035677,2203-5677,SHA Comércio de Alimentos Ltda,8571
26,13447,EMEI,"HENRIQUE RICCHETTI, PROF.",SÃO MATEUS,SM I,emeihricchetti@prefeitura.sp.gov.br,RUA NEBULOSAS,156,CIDADE SATELITE-SANTA BARBARA,"RUA NEBULOSAS, 156 - CIDADE SATELITE-SANTA BARBARA",08330-430,20196812,2019-6812,SHA Comércio de Alimentos Ltda,11326
27,13471,EMEI,MARINA NOGUEIRA DE SOUZA MARTINS,JAÇANÃ / TREMEMBÉ,JT,emeimnsmartins@prefeitura.sp.gov.br,AVENIDA DIREITOS HUMANOS,2767,ALTO MANDAQUI,"AVENIDA DIREITOS HUMANOS, 2767 - ALTO MANDAQUI",02475-002,22312649,2203-2214,SHA Comércio de Alimentos Ltda,8570
28,13498,EMEI,"JOSE ROBERTO DE CASTRO RIBEIRO, PROF.",GUAIANASES,G,emeijrcribeiro@prefeitura.sp.gov.br,RUA ENGENHEIRO CARLOS GRAZIA,120,SANTA ETELVIAN VII A,"RUA ENGENHEIRO CARLOS GRAZIA, 120 - SANTA ETELVIAN VII A",08490-290,22820199,2964-9385,Apetece Sistemas de Alimentação Ltda,8542
29,13501,EMEI,"DULCE SALLES FERRAZ, PROFA.",GUAIANASES,G,emeidsferraz@prefeitura.sp.gov.br,RUA OLIVEIRA ROMA,16,SANTA ETELVINA VII A,"RUA OLIVEIRA ROMA, 16 - SANTA ETELVINA VII A",08475-330,29648128,2282-4147,Apetece Sistemas de Alimentação Ltda,8543
30,13692,EMEI,"DORACIL DINA BENICIO, PROFA.",SÃO MIGUEL,MP II,emeiddbenicio@prefeitura.sp.gov.br,RUA BIG BOYS,365,JARDIM BARTIRA - ITAIM PAULISTA,"RUA BIG BOYS, 365 - JARDIM BARTIRA - ITAIM PAULISTA",08152-100,25618038,,Singular Gestão de Serviços Ltda,8551
31,14567,EMEI,"TITO LIVIO FERREIRA, PROF.",FREGUÊSIA / BRASILÂNDIA,FO,emeitlferreira@prefeitura.sp.gov.br,RUA JERONIMO SOUTO MAIOR,300,BRASILANDIA,"RUA JERONIMO SOUTO MAIOR, 300 - BRASILANDIA",02834-090,39212336,3921-2336,SHA Comércio de Alimentos Ltda,8669
32,14575,EMEI,CIDADE DO SOL,IPIRANGA,IP II,emeiciddosol@prefeitura.sp.gov.br,RUA ARTISTAS DE HELIÓPOLIS,35,CIDADE NOVA HELIÓPOLIS,"RUA ARTISTAS DE HELIÓPOLIS, 35 - CIDADE NOVA HELIÓPOLIS",04236-100,22154246,2069-9500,Singular Gestão de Serviços Ltda,7268
33,14672,EMEI,"EDUARDO KNEESE DE MELLO, PROF.",GUAIANASES,G,emeiekmello@prefeitura.sp.gov.br,RUA NASCER DO SOL,425,SANTA ETELVINA II A,"RUA NASCER DO SOL, 425 - SANTA ETELVINA II A",08485-020,25160384,2964-9383,Apetece Sistemas de Alimentação Ltda,8691
34,14681,EMEI,"ELISIARIO RODRIGUES DE SOUSA, PROF.",GUAIANASES,G,emeiersouza@prefeitura.sp.gov.br,RUA EDSON DANILO DOTTO,520,SANTA ETELVINA II A,"RUA EDSON DANILO DOTTO, 520 - SANTA ETELVINA II A",08485-280,29648646,2516-0391,Apetece Sistemas de Alimentação Ltda,8866
35,16721,EMEI,"CELSO DE SOUSA OLIVEIRA, PROF.",JAÇANÃ / TREMEMBÉ,JT,emeicsoliveira@prefeitura.sp.gov.br,RUA ROBERTO LANARI,1000,JOVA RURAL,"RUA ROBERTO LANARI, 1000 - JOVA RURAL",02281-209,22411533,2249-7016,SHA Comércio de Alimentos Ltda,8846
36,17329,EMEI,VICENTE MATHEUS,ITAQUERA,IQ,emeivmatheus@prefeitura.sp.gov.br,RUA ALEXANDRE CHEID,60,PARQUE SAVOY CITY,"RUA ALEXANDRE CHEID, 60 - PARQUE SAVOY CITY",03570-100,27419639,2743-9527,Apetece Sistemas de Alimentação Ltda,8935
37,17337,EMEI,DO LAR SIRIO,PENHA,PE II,emeilsírio@prefeitura.sp.gov.br,RUA SERRA DE BRAGANÇA,990,TATUAPÉ,"RUA SERRA DE BRAGANÇA, 990 - TATUAPÉ",03318-000,22964326,2296-4326,Apetece Sistemas de Alimentação Ltda,8955
38,17451,EMEI,"RUTH GONCALVES CHAVES DE SIQUEIRA, PROFA.",PENHA,PE I,emeirgcsiqueira@prefeitura.sp.gov.br,RUA FIGUEIRA DA POLINÉSIA,373,ERMELINO MATARAZZO,"RUA FIGUEIRA DA POLINÉSIA, 373 - ERMELINO MATARAZZO",03813-000,25466868,,Apetece Sistemas de Alimentação Ltda,8947
39,17515,EMEI,"MARIA LUIZA MORETTI GENTILE, PROFA.",IPIRANGA,IP I,emeimlmgentile@prefeitura.sp.gov.br,RUA JACARAIPE,550,VILA PRUDENTE,"RUA JACARAIPE, 550 - VILA PRUDENTE",03152-150,23413511,2341-6029,Singular Gestão de Serviços Ltda,9025
40,17531,EMEI,"VALENTINA ANTONINI DA SILVA, PROFA.",SÃO MIGUEL,MP I,emeivasilva@prefeitura.sp.gov.br,RUA CONCEIÇÃO DO ALMEIDA,120,VILA MARA,"RUA CONCEIÇÃO DO ALMEIDA, 120 - VILA MARA",08081-370,25810128,,Singular Gestão de Serviços Ltda,8970
41,17655,EMEI,"SEBASTIANA DE ARRUDA CRUZ OLIVEIRA, PROFA.",SÃO MIGUEL,MP II,emeisacoliveira@prefeitura.sp.gov.br,RUA PAULO TAPAJÓS,210,ENCOSTA NORTE,"RUA PAULO TAPAJÓS, 210 - ENCOSTA NORTE",08131-360,29633452,,Singular Gestão de Serviços Ltda,9098
42,17710,EMEI,"HELENA LOPES SANTANA DA SILVA, PROFA.",GUAIANASES,G,emeihlssilva@prefeitura.sp.gov.br,RUA ANDES,851,GUAIANASES,"RUA ANDES, 851 - GUAIANASES",08440-180,25571909,2554-4458,Apetece Sistemas de Alimentação Ltda,8999
43,17728,EMEI,JOSE JOAQUIM DA SILVA,JAÇANÃ / TREMEMBÉ,JT,emeijjsilva@prefeitura.sp.gov.br,RUA SD ANESIO ANTÃO FERREIRA,120,PARQUE NOVO MUNDO,"RUA SD ANESIO ANTÃO FERREIRA, 120 - PARQUE NOVO MUNDO",02142-000,22121644,2212-1644,SHA Comércio de Alimentos Ltda,8995
44,17736,EMEI,ANTONIO FIGUEIREDO AMARAL,IPIRANGA,IP I,emeiafmaral@prefeitura.sp.gov.br,RUA LEONARDO JONES JÚNIOR,34,BARRA FUNDA,"RUA LEONARDO JONES JÚNIOR         , 34 - BARRA FUNDA",01138-040,33921898,3392-1591,Singular Gestão de Serviços Ltda,9023
45,18201,EMEI,"LUCILIA DE ANDRADE FERREIRA, PROFA.",GUAIANASES,G,emeiaferreira@prefeitura.sp.gov.br,RUA CACHOEIRA DO TRIUNFO,55,BARRO BRANCO II,"RUA CACHOEIRA DO TRIUNFO, 55 - BARRO BRANCO II",08475-080,25160376,2516-0376,Apetece Sistemas de Alimentação Ltda,9042
46,18228,EMEI,"MARIA DE LOURDES COUTINHO TORRES, DA.",SÃO MATEUS,SM I,emeimlctorres@prefeitura.sp.gov.br,RUA BARTOLOMEU GONCALVES,45,JARDIM ESTER,"RUA BARTOLOMEU GONCALVES, 45 - JARDIM ESTER",08330-240,20153212,2012-4304,SHA Comércio de Alimentos Ltda,11316
47,18279,EMEI,"CEZAR ROGERIO OLIVEIRA PERAMEZZA, PROF.",PENHA,PE II,emeicoperamezza@prefeitura.sp.gov.br,RUA PROF. THIRE,151,VILA NHOCUNÉ,"RUA PROF. THIRE, 151 - VILA NHOCUNÉ",03561-010,27428070,2742-8108,Apetece Sistemas de Alimentação Ltda,9065
48,18295,EMEI,"ALEX FREUA NETTO, VER.",FREGUÊSIA / BRASILÂNDIA,FO,emeialexfreua@prefeitura.sp.gov.br,RUA SANTANA DO ARAÇUAI,185,JARDIM GUARANI,"RUA SANTANA DO ARAÇUAI, 185 - JARDIM GUARANI",02849-130,39212648,3921-2648,SHA Comércio de Alimentos Ltda,9168
49,18309,EMEI,VERA ARNONI,JAÇANÃ / TREMEMBÉ,JT,emeivascalquetti@prefeitura.sp.gov.br,RUA TANQUE VELHO,2277,VILA CONSTANÇA,"RUA TANQUE VELHO, 2277 - VILA CONSTANÇA",02251-002,22424808,2240-7177,SHA Comércio de Alimentos Ltda,9041
50,18350,EMEI,ANTONIO CARLOS BRASILEIRO DE A. JOBIM - TOM JOBIM,SÃO MATEUS,SM II,emeiacbjobim@prefeitura.sp.gov.br,RUA GEOVANNI ALBERONI,132,VILA CARDOSO FRANCO,"RUA GEOVANNI ALBERONI, 132 - VILA CARDOSO FRANCO",03978-060,27043135,2704-3183,Comercial Milano Brasil LTDA,9037
51,18503,EMEI,"JOSEMARIA ESCRIVA, BEM-AVENTURADO",IPIRANGA,IP II,emeijmescriva@prefeitura.sp.gov.br,RUA PROF. ARNALDO JOÃO SEMERARO,456,JARDIM STA EMILIA,"RUA PROF. ARNALDO JOÃO SEMERARO, 456 - JARDIM STA EMILIA",04184-000,23318437,2331-4631,Singular Gestão de Serviços Ltda,9130
52,18520,EMEI,JOAO MENDONCA FALCAO,PENHA,PE II,emeijmfalcao@prefeitura.sp.gov.br,RUA CEL. MURSA,167,BRÁS,"RUA CEL. MURSA, 167 - BRÁS",03043-050,32084208,3277-8722,Apetece Sistemas de Alimentação Ltda,9895
53,18538,EMEI,"GESSY GEBARA, PROFA.",GUAIANASES,G,emeiggebara@prefeitura.sp.gov.br,RUA CACHOEIRA DAS GARÇASS/N.,S/N,SÍTIO CONCEIÇÃO,"RUA CACHOEIRA DAS GARÇASS/N., S/N - SÍTIO CONCEIÇÃO",08473-010,2555-4182,2555-4182,Apetece Sistemas de Alimentação Ltda,9112
54,18554,EMEI,ANTONIO CALLADO,FREGUÊSIA / BRASILÂNDIA,FO,emeiacallado@prefeitura.sp.gov.br,RUA ARAGUACEMA,100,BAIRRO DO LIMÃO,"RUA ARAGUACEMA, 100 - BAIRRO DO LIMÃO",02558-070,39551199,3858-1244,SHA Comércio de Alimentos Ltda,9095
55,19054,EMEI,"ADALBERTO PANZAN, DR.",SÃO MATEUS,SM I,emeiapanzan@prefeitura.sp.gov.br,RUA LUISA SARAZIM,29,JARDIM DAS LARANJEIRAS,"RUA LUISA SARAZIM, 29 - JARDIM DAS LARANJEIRAS",08372-100,27313663,2731-3594,SHA Comércio de Alimentos Ltda,11317
56,19062,EMEI,"THEREZA THE DE CARVALHO, PROFA.",ITAQUERA,IQ,emeittcarvalho@prefeitura.sp.gov.br,RUA BARRA DO CAMARAGIBE,200,VILA GUARANI,"RUA BARRA DO CAMARAGIBE, 200 - VILA GUARANI",03383-120,21158205,2005-8177,Apetece Sistemas de Alimentação Ltda,9177
57,19071,EMEI,"MARIA CECILIA DEZAN ROCHA, PROFA.",SÃO MATEUS,SM II,emeimcdrocha@prefeitura.sp.gov.br,RUA ADAUTO FERNANDES DE ANDRADE,51,PARQUE DOS BANCÁRIOS,"RUA ADAUTO FERNANDES DE ANDRADE, 51 - PARQUE DOS BANCÁRIOS",03923-070,21432411,2143-2411,Comercial Milano Brasil LTDA,9172
58,19089,EMEI,JOAO RUBENS MARCELO,ITAQUERA,IQ,emeirmarcelo@prefeitura.sp.gov.br,RUA AZEVEDO E BRITO,395,VILA FORMOSA,"RUA AZEVEDO E BRITO, 395 - VILA FORMOSA",03366-040,27837455,2783-7466,Apetece Sistemas de Alimentação Ltda,9188
59,19101,EMEI,"DINAH FERNANDES COSTA , PROFA.",PENHA,PE I,emeidfcosta@prefeitura.sp.gov.br,RUA JOSÉ GIORDANO,736,PARQUE PAINEIRAS,"RUA JOSÉ GIORDANO, 736 - PARQUE PAINEIRAS",03694-010,20423332,2042-3332,Apetece Sistemas de Alimentação Ltda,9179
60,19119,EMEI,"NEUSA CONCEICAO STINCHI, PROFA.",PENHA,PE I,emeincstinchi@prefeitura.sp.gov.br,PRAÇA CEL EZEQUIEL,10,JARDIM DANFER,"PRAÇA CEL EZEQUIEL, 10 - JARDIM DANFER",03728-100,26217888,2621-3356,Apetece Sistemas de Alimentação Ltda,9178
61,19127,EMEI,"CLEIDE MOREIRA DOS SANTOS, PROFA.",JAÇANÃ / TREMEMBÉ,JT,emeicmsantos@prefeitura.sp.gov.br,RUA DELMAR SAOARES,S/N,VILA PEDRA BRANCA,"RUA DELMAR SAOARES, S/N - VILA PEDRA BRANCA",02635-170,22585463,2258-5463,SHA Comércio de Alimentos Ltda,9174
62,19135,EMEI,"DALMO AMARAL MACHADO, PROF.",SÃO MIGUEL,MP II,emeidmachado@prefeitura.sp.gov.br,RUA JOÃO CARLOS AMAT,15,ITAIM PAULISTA,"RUA JOÃO CARLOS AMAT, 15 - ITAIM PAULISTA",08111-760,25673089,,Singular Gestão de Serviços Ltda,9194
63,19151,EMEI,JOAO CANDIDO,CAPELA DO SOCORRO,CS,emeijcandido@prefeitura.sp.gov.br,RUA DANIEL ALOMIA,310,JARDIM CIPRAMAR,"RUA DANIEL ALOMIA, 310 - JARDIM CIPRAMAR",04851-030,55281467,,P.R.M. SERVIÇOS E MÃO DE OBRA ESPECIALIZADA EIRELI,9195
64,19178,EMEI,MARGARETH DE FATIMA MARQUES DE AZEVEDO,JAÇANÃ / TREMEMBÉ,JT,emeimfmazevedo@prefeitura.sp.gov.br,RUA AUGUSTO RODRIGUES,262,JARDIM FONTÁLIS,"RUA AUGUSTO RODRIGUES, 262 - JARDIM FONTÁLIS",02360-010,29954370,2992-8012,SHA Comércio de Alimentos Ltda,9197
65,19186,EMEI,"SILVIO CALDAS, COMPOSITOR",IPIRANGA,IP II,emeisilviocaldas@prefeitura..sp.gov.br,RUA ANDRE PUJOSS/N,S/N,JARDIM CELESTE,"RUA ANDRE PUJOSS/N , S/N - JARDIM CELESTE",04195-040,23318619,2331-9907,Singular Gestão de Serviços Ltda,9267
66,19197,EMEI,ANGELO KRETA,CAPELA DO SOCORRO,CS,emeiakreta@prefeitura.sp.gov.br,RUA NOVA DELHI,560,JARDIM EDITH,"RUA NOVA DELHI, 560 - JARDIM EDITH",04813-240,56616369,,P.R.M. SERVIÇOS E MÃO DE OBRA ESPECIALIZADA EIRELI,9478
67,19198,CEU EMEI,"MILTON SANTOS, PROF.",CAPELA DO SOCORRO,CS,emeimsantos@prefeitura.sp.gov.br,AVENIDA INTERLAGOS,7350,INTERLAGOS,"AVENIDA INTERLAGOS, 7350 - INTERLAGOS",04777-000,56681921,,P.R.M. SERVIÇOS E MÃO DE OBRA ESPECIALIZADA EIRELI,9856
68,19199,EMEI,CLEMENCIA FERREIRA DA SILVA,SÃO MIGUEL,MP I,emeiclefsilva@prefeitura.sp.gov.br,RUA BARÃO DE CALERA,7,SÃO MIGUEL PAULISTA,"RUA BARÃO DE CALERA, 7 - SÃO MIGUEL PAULISTA",08070-050,22971303,2297-4571,Singular Gestão de Serviços Ltda,9455
69,19201,EMEI,"MARIA DA LUZ SILVA DE OLIVEIRA, PROFA.",SÃO MIGUEL,MP I,emeimlsoliveira@prefeitura.sp.gov.br,RUA ERVA DO SERENO,103,SÃO MIGUEL PAULISTA,"RUA ERVA DO SERENO, 103 - SÃO MIGUEL PAULISTA",08180-010,25840055,,Singular Gestão de Serviços Ltda,9456
70,19206,EMEI,FRANCISCO ADAUTO RODRIGUES,SÃO MATEUS,SM I,emeifarodrigues@prefeitura.sp.gov.br,RUA AGUARICO,5,JARDIM HELENA,"RUA AGUARICO, 5 - JARDIM HELENA",08371-150,27311877,2731-9100,SHA Comércio de Alimentos Ltda,11319
71,19207,EMEI,"APARECIDA DE LOURDES CARRILHO JARDIM, PROFA.",SÃO MIGUEL,MP I,emeiaplcarrilho@prefeitura.sp.gov.br,RUA CORVETA JEQUITINHONHA,731,VILA PROGRESSO,"RUA CORVETA JEQUITINHONHA, 731 - VILA PROGRESSO",08240-620,20513277,2053-6312,Singular Gestão de Serviços Ltda,9457
72,19209,EMEI,"LUIS BIRAGHI, MONSENHOR",ITAQUERA,IQ,emeilbiraghi@prefeitura.sp.gov.br,RUA JOAQUIM FERREIRA DE OLIVEIRA,50,JARDIM Nª Sª DO CARMO,"RUA JOAQUIM FERREIRA DE OLIVEIRA, 50 - JARDIM Nª Sª DO CARMO",08270-480,25249860,,Apetece Sistemas de Alimentação Ltda,9482
73,19210,EMEI,ORLANDO VILLAS BOAS,CAPELA DO SOCORRO,CS,emeivboas@prefeitura.sp.gov.br,AVENIDA PAULO COSTA BASTOS,S/N,JARDIM GUANHEMBU,"AVENIDA PAULO COSTA BASTOS, S/N - JARDIM GUANHEMBU",04814-720,56618474,,P.R.M. SERVIÇOS E MÃO DE OBRA ESPECIALIZADA EIRELI,9476
74,19213,EMEI,DIRCE ZILLESG BORGES DOS SANTOS,CAPELA DO SOCORRO,CS,emeireccbelo@prefeitura.sp.gov.br,RUA MARCELO BERNARDINI,S/N,RECANTO CAMPO BELO,"RUA MARCELO BERNARDINI, S/N - RECANTO CAMPO BELO",04880-080,59215490,,P.R.M. SERVIÇOS E MÃO DE OBRA ESPECIALIZADA EIRELI,9477
75,19214,EMEI,JARDIM VILA NOVA,ITAQUERA,IQ,emeijvnova@prefeitura.sp.gov.br,AVENIDA ERNESTO SOUZA CRUZ,2171,CIDADE A. E. CARVALHO,"AVENIDA ERNESTO SOUZA CRUZ, 2171 - CIDADE A. E. CARVALHO",08225-310,33979000,,Apetece Sistemas de Alimentação Ltda,9481
76,19230,EMEI,NENE DO AMANHA,PENHA,PE II,emeinamanha@prefeitura.sp.gov.br,AVENIDA ALVINÓPOLIS,1360,VILA CENTENÁRIO,"AVENIDA ALVINÓPOLIS, 1360 - VILA CENTENÁRIO",03644-070,26477490,,Apetece Sistemas de Alimentação Ltda,9459
77,19231,EMEI,GLEBA DO PESSEGO,ITAQUERA,IQ,emeigpessego@prefeitura.sp.gov.br,RUA DEMETER,200,GLEBA DO PÊSSEGO,"RUA DEMETER, 200 - GLEBA DO PÊSSEGO",08265-300,25226487,2522-8763,Apetece Sistemas de Alimentação Ltda,9494
78,19234,CEU EMEI,"PAULO FREIRE, PROF.",PENHA,PE II,emeipfreire@prefeitura.sp.gov.br,RUA KAMPALA,230,JARDIM AMÉRICA DA PENHA,"RUA KAMPALA, 230 - JARDIM AMÉRICA DA PENHA",03704-015,20757482,,Apetece Sistemas de Alimentação Ltda,9556
79,19235,EMEI,CONJ. HABITACIONAL SAO FRANCISCO,SÃO MATEUS,SM I,emeicsfrancisco@prefeitura.sp.gov.br,TRAVESSA CORUJA DO CAMPO,100,RODOLFO PIRANI,"TRAVESSA CORUJA DO CAMPO, 100 - RODOLFO PIRANI",08310-410,27516172,2751-6172,SHA Comércio de Alimentos Ltda,11315
80,19236,EMEI,CONJ. HABITACIONAL GOITI,ITAQUERA,IQ,emeicgoiti@prefeitura.sp.gov.br,RUA DOS LIRIOS,S/N,VILA CAMPANELA,"RUA DOS LIRIOS, S/N - VILA CAMPANELA",08220-280,20492478,2049-2972,Apetece Sistemas de Alimentação Ltda,9558
81,19237,EMEI,SANTO DIAS DA SILVA,IPIRANGA,IP II,emeisdsilva@prefeitura.sp.gov.br,RUA MICHAEL MATTARS/N,S/N,JARDIM PATENTE,"RUA MICHAEL MATTARS/N, S/N - JARDIM PATENTE",04256-215,29475077,2352-0099,Singular Gestão de Serviços Ltda,9570
82,19238,EMEI,GLOBO DO SOL,SÃO MIGUEL,MP I,"emeigsol@prefeitura.sp.gov,br",RUA GLOBO DO SOL,85,JARDIM PEDRO JOSÉ NUNES,"RUA GLOBO DO SOL, 85 - JARDIM PEDRO JOSÉ NUNES",08061-290,29560518,,Singular Gestão de Serviços Ltda,9655
83,19240,EMEI,ALFREDO VOLPI,SÃO MATEUS,SM II,emeiavolpi@prefeitura.sp.gov.br,RUA GEORGE BEKESY,16,FAZENDA DA JUTA,"RUA GEORGE BEKESY, 16 - FAZENDA DA JUTA",03974-015,20121055,2012-1655,Comercial Milano Brasil LTDA,9582
84,19245,EMEI,APARECIDA CANDIDA DOS SANTOS DE JESUS - DONA CIDICA,SÃO MATEUS,SM II,emeiapcsantos@prefeitura.sp.gov.br,RUA ALEXANDRE GROPPALI,179,FAZENDA DA JUTA,"RUA ALEXANDRE GROPPALI, 179 - FAZENDA DA JUTA",03977-414,29624441,2011-8238,Comercial Milano Brasil LTDA,9641
85,19246,EMEI,"RAUL NEMENZ, PROF",GUAIANASES,G,emeiraulnemenz@prefeitura.sp.gov.br,RUA ALFONSO ASTURAROS/N.,S/N,BARRO BRANCO II,"RUA ALFONSO ASTURAROS/N. , S/N - BARRO BRANCO II",08473-591,29648027,,Apetece Sistemas de Alimentação Ltda,9669
86,19248,EMEI,WILSON REIS SANTOS,GUAIANASES,G,emeiwrsantos@prefeitura.sp.gov.br,RUA FRANCISCO DE SOUTO MAIOR,14 A,JARDIM LOURDES,"RUA FRANCISCO DE SOUTO MAIOR, 14 A - JARDIM LOURDES",08452-430,29638426,2963-3379,Apetece Sistemas de Alimentação Ltda,9660
87,19250,EMEI,LAURA DA CONCEICAO PEREIRA QUINTAES PROFA,SÃO MIGUEL,MP II,lauraconceicao@prefeitura.sp.gov.br,RUA LOURENÇO FRANCO DO PRADO,131,ITAIM PAULISTA,"RUA LOURENÇO FRANCO DO PRADO, 131 - ITAIM PAULISTA",08142-230,25610577,,Singular Gestão de Serviços Ltda,9756
88,19252,EMEI,"JOSE ROBSON COSTA DE ARAUJO, BOMBEIRO",FREGUÊSIA / BRASILÂNDIA,FO,emeijrcaraujo@prefeitura.sp.gov.br,RUA MONS PAULO FERNANDES DE BARROS,S/N,JARDIM CACHOEIRA,"RUA MONS PAULO FERNANDES DE BARROS, S/N - JARDIM CACHOEIRA",02762-100,39835772,3983-1191,SHA Comércio de Alimentos Ltda,9762
89,19258,EMEI,GRAJAU,CAPELA DO SOCORRO,CS,emeigrajau@prefeitura.sp.gov.br,RUA ALBA VALDEZ,101,JARDIM REIMBERG,"RUA ALBA VALDEZ, 101 - JARDIM REIMBERG",04845-200,59253271,,P.R.M. SERVIÇOS E MÃO DE OBRA ESPECIALIZADA EIRELI,9914
90,19259,EMEI,"CARLOS EDUARDO DE CAMARGO ARANHA, DR.",IPIRANGA,IP II,emeicecaranha@prefeitura.sp.gov.br,RUA DO BOQUEIRÃO,107,JARDIM DA SAUDE,"RUA DO BOQUEIRÃO, 107 - JARDIM DA SAUDE",04293-000,50734333,5058-2002,Singular Gestão de Serviços Ltda,9300
91,19280,CEU EMEI,ARICANDUVA,ITAQUERA,IQ,emeiceuaricanduva@prefeitura.sp.gv.br,RUA OLGA FADEL ABARCA,S/N,JARDIM SANTA TEREZINHA,"RUA OLGA FADEL ABARCA, S/N - JARDIM SANTA TEREZINHA",03572-020,27211097,2721-1097,Apetece Sistemas de Alimentação Ltda,9946
92,19284,CEU EMEI,INACIO MONTEIRO,GUAIANASES,G,emeiceuinaciomonteiro@prefeitura.sp.gov.br,RUA BARÃO BARROSO DO AMAZONASS/N,S/N,INÁCIO MONTEIRO,"RUA BARÃO BARROSO DO AMAZONASS/N, S/N - INÁCIO MONTEIRO",08472-725,25189011,2518-9012,Apetece Sistemas de Alimentação Ltda,9905
93,19285,CEU EMEI,"THERESINHA SQUINCA DA SILVA, PROFA",GUAIANASES,G,emeiceutheresinhassilva@prefeitura.sp.gov.br,RUA JOSÉ PINHEIRO BORGES,60,GUAIANASES,"RUA JOSÉ PINHEIRO BORGES, 60 - GUAIANASES",08430-810,29602025,2960-2025,Apetece Sistemas de Alimentação Ltda,9854
94,19287,CEU EMEI,NAVEGANTES,CAPELA DO SOCORRO,CS,emeiceunavegantes@prefeitura.sp.gov.br,RUA MARIA MOASSAB BARBOUR,S/N,PARQUE RESID. COCAIA,"RUA MARIA MOASSAB BARBOUR, S/N - PARQUE RESID. COCAIA",04849-330,59765505,,P.R.M. SERVIÇOS E MÃO DE OBRA ESPECIALIZADA EIRELI,9903
95,19289,CEU EMEI,ANTON MAKARENKO,SÃO MIGUEL,MP II,emeiceuantonmakarenko@prefeitura.sp.gov.br,RUA DANIEL MULLER,347,ITAIM PAULISTA,"RUA DANIEL MULLER, 347 - ITAIM PAULISTA",08141-290,25636224,,Singular Gestão de Serviços Ltda,9842
96,19293,CEU EMEI,SAO MATEUS,SÃO MATEUS,SM I,emeiceusaomateus@prefeitura.sp.gov.br,RUA CURUMATIM,201,PARQUE BOA ESPERANÇA,"RUA CURUMATIM, 201 - PARQUE BOA ESPERANÇA",08341-240,27328129,2732-8132,SHA Comércio de Alimentos Ltda,11440
97,19295,CEU EMEI,TRES LAGOS,CAPELA DO SOCORRO,CS,emeiceutreslagos@prefeitura.sp.gov.br,ESTRADA DO BARRO BRANCO,S/N,PARQUE RESID. COCAIA,"ESTRADA DO BARRO BRANCO, S/N - PARQUE RESID. COCAIA",04852-320,59765621,,P.R.M. SERVIÇOS E MÃO DE OBRA ESPECIALIZADA EIRELI,9910
98,19297,CEU EMEI,"APPARECIDO DOMINGUES, PROF. (VILA CURUÇÁ)",SÃO MIGUEL,MP II,emeicvcuruca@prefeitura.sp.gov.br,AVENIDA MARECHAL TITO,3400,JARDIM MIRAGAIA/ITAIM PTA,"AVENIDA MARECHAL TITO, 3400 - JARDIM MIRAGAIA/ITAIM PTA",08115-000,25636129,,Singular Gestão de Serviços Ltda,9921
99,19299,CEU EMEI,ROSA DA CHINA,SÃO MATEUS,SM II,emeiceurosadachina@prefeitura.sp.gov.br,RUA CLARA PETRELA,113,JARDIM SÃO ROBERTO,"RUA CLARA PETRELA, 113 - JARDIM SÃO ROBERTO",03978-500,27012330,2701-2334,Comercial Milano Brasil LTDA,9843
100,19300,EMEI,"JOSE LA TORRE, PROF.",CAPELA DO SOCORRO,CS,emeijltorrre@prefeitura.sp.gov.br,RUA ANTONIO MARCONDES BOETA,161,JARDIM ALADIM,"RUA ANTONIO MARCONDES BOETA, 161 - JARDIM ALADIM",04883-210,59208156,,P.R.M. SERVIÇOS E MÃO DE OBRA ESPECIALIZADA EIRELI,9837
101,19301,EMEI,"MARIA APARECIDA LARA COIADO, PROFA",GUAIANASES,G,emeimaplcoiado@prefeitura.sp.gov.br,RUA COMANDANTE CARLOS RUHL,134,VILA PRINCESA ISABEL,"RUA COMANDANTE CARLOS RUHL, 134 - VILA PRINCESA ISABEL",08410-130,20165605,,Apetece Sistemas de Alimentação Ltda,9872
102,19304,CEU EMEI,PAZ,FREGUÊSIA / BRASILÂNDIA,FO,emeiceupaz@prefeitura.sp.gov.br,RUA DANIEL CERRI,1549,JARDIM PARANÁ,"RUA DANIEL CERRI, 1549 - JARDIM PARANÁ",02876-170,39863419,3986-3417,SHA Comércio de Alimentos Ltda,10068
103,19309,EMEI,FERNANDO SABINO,PENHA,PE I,emeifsabino@prefeitura.sp.gov.br,RUA OLHO D'ÁGUA DO BORGES,290,CANGAÍBA,"RUA OLHO D'ÁGUA DO BORGES, 290 - CANGAÍBA",03820-000,25470113,,Apetece Sistemas de Alimentação Ltda,10059
104,19311,EMEI,JARDIM IMPERADOR,SÃO MATEUS,SM II,emeijimperador@prefeitura.sp.gov.br,RUA EUGENÓPOLIS,S/N,JARDIM IMPERADOR,"RUA EUGENÓPOLIS, S/N - JARDIM IMPERADOR",03934-090,27216917,2725-1575,Comercial Milano Brasil LTDA,11443
105,19315,CEU EMEI,"EDNA ALVES DE SOUSA, PROFA.",GUAIANASES,G,emeiceulajeado@prefeitura.sp.gov.br,RUA MANUEL DA MOTA COUTINHO,293,LAJEADO,"RUA MANUEL DA MOTA COUTINHO, 293 - LAJEADO",08451-420,21539562,,Apetece Sistemas de Alimentação Ltda,10402
106,19316,EMEI,"CELIA RIBEIRO LANDIM, PROFA",SÃO MIGUEL,MP I,emeicrlandim@PREFEITURA.SP.GOV.BR,CRAVEIRO DO CAMPO,S/N,JARDIM HELENA,"CRAVEIRO DO CAMPO , S/N - JARDIM HELENA",08090-590,25813605,2581-3605,Singular Gestão de Serviços Ltda,10494
107,19318,EMEI,"EDI GREENFIELD, PROFA.",SÃO MIGUEL,MP II,emeicidadekemel@prefeitura.sp.gov.br,RUA DESEMB. FERNANDO DE ALBUQUERQUE PRADO,650,ITAIM PAULISTA,"RUA DESEMB. FERNANDO DE ALBUQUERQUE PRADO, 650 - ITAIM PAULISTA",08130-110,emeiedigr,,Singular Gestão de Serviços Ltda,10809
108,19319,EMEI,"FATIMA REGINA DA CRUZ SABINO CALAÇA, PROFA.",IPIRANGA,IP II,emeifatimareginacsc@prefeitura.sp.gov.br,RUA MARIO QUINTANA,15,JARDIM SÃO SAVÉRI,"RUA MARIO QUINTANA, 15 - JARDIM SÃO SAVÉRI",04194-260,23345368,2331-4745,Singular Gestão de Serviços Ltda,10750
109,19320,EMEI,JARDIM DA CONQUISTA II,SÃO MATEUS,SM I,emeijardimdaconquistall@prefeitura.sp.gov.br,TRAVESSA JAMBALAYA,49,JARDIM DA CONQUISTA,"TRAVESSA JAMBALAYA, 49 - JARDIM DA CONQUISTA",08344-220,27354695,2735-4695,SHA Comércio de Alimentos Ltda,11320
110,19323,EMEI,"ODILEA BOTTA DE MATTOS, PROFA.",CAPELA DO SOCORRO,CS,emeiodileabmattos@prefeitura.sp.gov.br,RUA VENANCIO POLETTI,181,JARDIM ROSALINI,"RUA VENANCIO POLETTI, 181 - JARDIM ROSALINI",04836-110,59249326,,P.R.M. SERVIÇOS E MÃO DE OBRA ESPECIALIZADA EIRELI,10769
111,19325,EMEI,MANOEL DE ALVARENGA FREIRE JUNIOR PROF.,SÃO MATEUS,SM I,emeimafreire@prefeitura.sp.gov.br,RUA ELSA MORANTE,58,JARDIM SÃO FRANCISCO,"RUA ELSA MORANTE, 58 - JARDIM SÃO FRANCISCO",08390-324,27519954,2753-0830,SHA Comércio de Alimentos Ltda,11442
112,19328,CEU EMEI,"IRENE MANKE MARQUES, PROFA.",GUAIANASES,G,emeiceuirenemanke@prefeitura.sp.gov.br,AVENIDA DOS METALURGICOS,1262,CIDADE TIRADENTES,"AVENIDA DOS METALURGICOS, 1262 - CIDADE TIRADENTES",08471-000,22827569,2282-7569,Apetece Sistemas de Alimentação Ltda,11088
113,19331,CEU EMEI,VILA RUBI,CAPELA DO SOCORRO,CS,emeiceuvrubi@prefeitura.sp.gov.br,RUA DOMINGOS TARROSO,101,VILA RUBI,"RUA DOMINGOS TARROSO, 101 - VILA RUBI",04823-090,5662-9433,,P.R.M. SERVIÇOS E MÃO DE OBRA ESPECIALIZADA EIRELI,11098
114,19332,CEU EMEI,JAÇANÃ,JAÇANÃ / TREMEMBÉ,JT,emeiceijacana@prefeitura.sp.gov.br,AVENIDA ANTONIO CESAR NETO,105,JARDIM GUAPIRA,"AVENIDA ANTONIO CESAR NETO, 105 - JARDIM GUAPIRA",02276-000,33973987,3397-3970,SHA Comércio de Alimentos Ltda,11095
115,19339,EMEI,CIDADE A. E. CARVALHO,ITAQUERA,IQ,emeicidadeaecarvalho@prefeitura.sp.gov.br,PRAÇA JANDAIRA,S/N,CIDADE A. E. CARVALHO,"PRAÇA JANDAIRA, S/N - CIDADE A. E. CARVALHO",08225-390,20469663,2046-9633,Apetece Sistemas de Alimentação Ltda,11188
116,19358,CEU EMEI,"ERIKA BRITO DE MATOS, PROFª (SAPOPEMBA)",SÃO MATEUS,SM II,emeiceuesbmatos@prefeitura.sp.gov.br,Rua Manuel Quirino de Mattos,S/N,Sapopemba,"Rua Manuel Quirino de Mattos, S/N - Sapopemba",03969-000,22143501,2075-9126,Comercial Milano Brasil LTDA,11599
117,19342,EMEI,JARDIM KERALUX,PENHA,PE I,emeijdkeralux@prefeitura.sp.gov.br,RUA BATUÍRA DO CAMPO,47,JARDIM KERALUX,"RUA BATUÍRA DO CAMPO, 47 - JARDIM KERALUX",03828-110,25137684,2214-3500,Apetece Sistemas de Alimentação Ltda,11527
118,19344,EMEI,"ELIZA MARA TORRES, PROFA",GUAIANASES,G,emeielizamtorres@prefeitura.sp.gov.br,RUA BAIA DE CAETE,S/N,LAJEADO,"RUA BAIA DE CAETE, S/N - LAJEADO",08430-027,21534193,,Apetece Sistemas de Alimentação Ltda,11496
119,19346,EMEI,NAJLA CURI IZAR,ITAQUERA,IQ,emeinajlacuriizar@prefeitura.sp.gov.br,RUA PAULO GRACINDO,53,GUAIANAZES,"RUA PAULO GRACINDO, 53 - GUAIANAZES",08421-520,33975438,2153-4191,Apetece Sistemas de Alimentação Ltda,11528
120,19355,CEU EMEI,JARDIM PAULISTANO,FREGUÊSIA / BRASILÂNDIA,FO,emeiceujdpaulistano@prefeitura.sp.gov.br,AVENIDA APARECIDA DO TABOADO,S/N,JARDIM PAULISTANO,"AVENIDA APARECIDA DO TABOADO, S/N - JARDIM PAULISTANO",02814-000,33963462,3397-5497,SHA Comércio de Alimentos Ltda,11607
121,19357,CEU EMEI,BRAZ JAIME ROMANO,PENHA,PE I,emeibrazjaimeromano@prefeitura.sp.gov,AVENIDA LUIS IMPARATO,564,VILA CISPER,"AVENIDA LUIS IMPARATO, 564 - VILA CISPER",03819-160,20759126,2214-7112,Apetece Sistemas de Alimentação Ltda,11623
122,19359,CEU EMEI,TRES PONTES,SÃO MIGUEL,MP II,emeiceutrêspontes@prefeitura.sp.gov.br,RUA CAPACHOS,400,JARDIM CÉLIA,"RUA CAPACHOS, 400 - JARDIM CÉLIA",08191-330,33976417,,Singular Gestão de Serviços Ltda,11692
123,19364,CEU EMEI,"ROQUE SPENCER MACIEL DE BARROS, PROF.",SÃO MATEUS,SM I,emeiceuroquesmbarros@prefeitura.sp.gov.br,RUA CINIRA POLONIO,80,JARDIM RIO CLARO,"RUA CINIRA POLONIO, 80 - JARDIM RIO CLARO",08395-320,27521015,2752-1019,SHA Comércio de Alimentos Ltda,11444
124,19376,CEU EMEI,LUCIANA AZEVEDO POMPERMAYER,IPIRANGA,IP II,emeiceupqbristol@prefeitura.sp.gov.br,RUA PROF. ARTUR PRIMAVESI,S/N,PARQUE BRISTOL,"RUA PROF. ARTUR PRIMAVESI, S/N - PARQUE BRISTOL",04177-070,23349165,2264-8831,Singular Gestão de Serviços Ltda,12147
125,19377,CEU EMEI,FORMOSA,ITAQUERA,IQ,emeiceuformosa@prefeitura.sp.gov.br,RUA MANUEL FERREIRA PIRES,S/N,CAPÃO DO EMBIRA,"RUA MANUEL FERREIRA PIRES, S/N - CAPÃO DO EMBIRA",03386-090,20364324,,Apetece Sistemas de Alimentação Ltda,12103
126,19381,EMEI,"EDALZIR SAMPAIO LIPORONI, PROFA.",JAÇANÃ / TREMEMBÉ,JT,emeiesliporoni@prefeitura.sp.gov.br,RUA NOSSA SENHORA APARECIDA,5,PARQUE VILA MARIA,"RUA NOSSA SENHORA APARECIDA, 5 - PARQUE VILA MARIA",02169-290,29555267,2955-5267,SHA Comércio de Alimentos Ltda,9345
127,19382,CEU EMEI,ALTO ALEGRE,SÃO MATEUS,SM I,emeiceualtoalegre@prefeitura.sp.gov.br,AVENIDA BENTO GUELFI,S/N,JARDIM DAS LARANJEIRAS,"AVENIDA BENTO GUELFI, S/N - JARDIM DAS LARANJEIRAS",08381-001,20751024,,SHA Comércio de Alimentos Ltda,11851
128,19393,EMEI,"BERNARDINO PIMENTEL MENDES, DR",FREGUÊSIA / BRASILÂNDIA,FO,emeibernardinopmendes@prefeitura.sp.gov.br,AVENIDA INAJAR DE SOUZA,6955,JARDIM DOS FRANCOS,"AVENIDA INAJAR DE SOUZA, 6955 - JARDIM DOS FRANCOS",02675-070,39843637,3984-7516,SHA Comércio de Alimentos Ltda,11829
129,19403,EMEI,VILA VERDE,ITAQUERA,IQ,emeivilaverde@prefeitura.sp.gov.br,RUA ORLANDO FRATUCELLI,150,VILA VERDE,"RUA ORLANDO FRATUCELLI, 150 - VILA VERDE",08230-520,20519503,2051-9504,Apetece Sistemas de Alimentação Ltda,12094
130,19429,EMEI,"ALDO GIANNINI, ENG.",SÃO MIGUEL,MP I,emeiagiannini@prefeitura.sp.gov.br,RUA ARRAIAL DE SANTA BARBARA,1080,JARDIM PEDRO JOSÉ NUNES,"RUA ARRAIAL DE SANTA BARBARA, 1080 - JARDIM PEDRO JOSÉ NUNES",08061-360,29430687,,Singular Gestão de Serviços Ltda,9353
131,19441,CEU EMEI,PARELHEIROS,CAPELA DO SOCORRO,CS,emeiceuparelheiros@prefeitura.sp.gov.br,RUA JOSE PEDRO DE BORBA,20,JARDIM NOVO PARELHEIROS,"RUA JOSE PEDRO DE BORBA, 20 - JARDIM NOVO PARELHEIROS",04890-090,59266921,,P.R.M. SERVIÇOS E MÃO DE OBRA ESPECIALIZADA EIRELI,12069
132,19444,EMEI,VILA EMA,IPIRANGA,IP I,emeivilaema@prefeitura.sp.gov.br,RUA ANTÔNIO PIRES DE CAMPOS,98,VILA EMA,"RUA ANTÔNIO PIRES DE CAMPOS, 98 - VILA EMA",03283-060,20243694,,Singular Gestão de Serviços Ltda,12173
133,19448,EMEI,JARDIM NOVO PARELHEIROS I,CAPELA DO SOCORRO,CS,emeiparelheiros@prefeitura.sp.gov.br,RUA GENTIL SCHUNCK ROSCHEL,101,JARDIM NOVO PARELHEIROS,"RUA GENTIL SCHUNCK ROSCHEL, 101 - JARDIM NOVO PARELHEIROS",04890-410,59203183,,P.R.M. SERVIÇOS E MÃO DE OBRA ESPECIALIZADA EIRELI,12068
134,19450,EMEI,JARDIM PREMIANO,SÃO MATEUS,SM I,emeijpremiano@prefeitura.sp.gov.br,AV. DO PROGRESSO,150,JARDIM MARILU,"AV. DO PROGRESSO, 150 - JARDIM MARILU",08371-410,27346887,,SHA Comércio de Alimentos Ltda,12441
135,19451,EMEI,PARQUE COCAIA II,CAPELA DO SOCORRO,CS,emeicocaia@prefeitura.sp.gov.br,RUA JOSÉ JULIO MENDES,120,PARQUE COCAIA,"RUA JOSÉ JULIO MENDES, 120 - PARQUE COCAIA",04850-140,59322120,,P.R.M. SERVIÇOS E MÃO DE OBRA ESPECIALIZADA EIRELI,12265
136,19459,EMEI,UNIÃO DE VILA NOVA I,SÃO MIGUEL,MP I,emeiuniaovilanova@prefeitura.sp.gov.br,RUA NUBIA,40,VILA NOVA UNIÃO,"RUA NUBIA, 40 - VILA NOVA UNIÃO",08072-012,20314332,,Singular Gestão de Serviços Ltda,12383
137,19468,EMEI,LOURO ROSA,SÃO MIGUEL,MP I,emeilourorosa@PREFEITURA.SP.GOV.BR,RUA LOURO ROSA,18,JARDIM CAMARGO NOVO,"RUA LOURO ROSA, 18 - JARDIM CAMARGO NOVO",08141-670,20253216,,Singular Gestão de Serviços Ltda,12522
138,19469,EMEI,JARDIM MONJOLO I,FREGUÊSIA / BRASILÂNDIA,FO,emeijardimmonjolo@prefeitura.sp.gov.br,RUA CALIXTO DE ALMEIDA,442-A,FREGUESIA DO Ó,"RUA CALIXTO DE ALMEIDA, 442-A - FREGUESIA DO Ó",,39780393,02961-000,SHA Comércio de Alimentos Ltda,12689
139,19470,EMEI,"PEDRO ALVARES CABRAL MORAES, PROF.",JAÇANÃ / TREMEMBÉ,JT,emeipacmoraes@prefeitura.sp.gov.br,RUA LEONOR F. COSTA ZACHARIAS,2150,VILA GUILHERME,"RUA LEONOR F. COSTA ZACHARIAS, 2150 - VILA GUILHERME",02052-020,29052949,2905-2956,SHA Comércio de Alimentos Ltda,9385
140,19473,EMEI,VARGEM GRANDE I,CAPELA DO SOCORRO,CS,emeivargemgrande@prefeitura.sp.gov.br,RUA JAQUEIRA,8,PARELHEIROS,"RUA JAQUEIRA, 8 - PARELHEIROS",04896-160,59216416,,P.R.M. SERVIÇOS E MÃO DE OBRA ESPECIALIZADA EIRELI,12606
141,19477,EMEI,"ISOLINA LEONEL FERREIRA, PROFA.",IPIRANGA,IP II,emeiisolinaleonel@prefeitura.sp.gov.br,ESTRADA DAS LÁGRIMAS,603,SACOMÃ,"ESTRADA DAS LÁGRIMAS, 603 - SACOMÃ",04232-000,22721299,,Singular Gestão de Serviços Ltda,12719
142,19478,EMEI,"MARISA RICCA XIMENES, PROFA.",IPIRANGA,IP I,emeimarisaricca@PREFEITURA.SP.GOV.BR,RUA VERATRO,S/N,JARDIM PANORAMA,"RUA VERATRO, S/N - JARDIM PANORAMA",03245-060,20362569,2036-1132,Singular Gestão de Serviços Ltda,12718
143,19479,EMEI,VILA NATAL,CAPELA DO SOCORRO,CS,emeivnatal@PREFEITURA.SP.GOV.BR,RUA LIMA NATAL,99,VILA NATAL,"RUA LIMA NATAL, 99 - VILA NATAL",04863-150,59243557,,P.R.M. SERVIÇOS E MÃO DE OBRA ESPECIALIZADA EIRELI,12755
144,19481,EMEI,"MARCIANO VASQUES PEREIRA, PROFº (EX ALFAZEMAS)",PENHA,PE I,emeimarcianovasques@prefeitura.sp.gov.br,RUA ITAPIPINAS,570,JARDIM ARTHUR ALVIM,"RUA ITAPIPINAS, 570 - JARDIM ARTHUR ALVIM",03687-020,22270510,,Apetece Sistemas de Alimentação Ltda,12757
145,19482,EMEI,PORTO NACIONAL,FREGUÊSIA / BRASILÂNDIA,FO,emeiportonacional@prefeitura.sp.gov.br,RUA PORTO NACIONAL,260,VILA SIQUEIRA,"RUA PORTO NACIONAL, 260 - VILA SIQUEIRA",02817-080,39225578,3922-5602,SHA Comércio de Alimentos Ltda,12773
146,19485,EMEI,"FÚLVIA ROSEMBERG, PROFA. (CIDADE TIRADENTES I)",GUAIANASES,G,emeifulviarosemberg@prefeitura.sp.gov.br,RUA MOACIR GOMES DE ALMEIDA,S/N,VILA PAULISTA I,"RUA MOACIR GOMES DE ALMEIDA, S/N - VILA PAULISTA I",08490-640,21533282,,Apetece Sistemas de Alimentação Ltda,12777
147,19489,EMEI,PARQUE SANTA RITA I,SÃO MIGUEL,MP I,santarita@prefeitura.sp.gov.br,AVENIDA FERNANDO FIGUEIREDO LINS,S/N,PARQUE SANTA RITA,"AVENIDA FERNANDO FIGUEIREDO LINS, S/N - PARQUE SANTA RITA",08140-040,20358153,,Singular Gestão de Serviços Ltda,12799
148,19502,EMEI,"MARISA LOPES PINHEIRO, PROFA",SÃO MIGUEL,MP II,emeicdhuitaima1@prefeitura.sp.gov.br,RUA ROBERTO SAID,183,ITAIM PAULISTA,"RUA ROBERTO SAID, 183 - ITAIM PAULISTA",08142-185,20254087,,Singular Gestão de Serviços Ltda,12839
149,19504,EMEI,BEGONIA REAL,ITAQUERA,IQ,emeibegoniareal@prefeitura.sp.gov.br,RUA HERA DO CANADA,20,JARDIM PEDRA BRANCA,"RUA HERA DO CANADA, 20 - JARDIM PEDRA BRANCA",08490-870,22858486,2285-8442,Apetece Sistemas de Alimentação Ltda,12890
150,19508,EMEI,"PAULA CRISTINA RODRIGUES, PROFA. (Jd Sto. André II)",SÃO MATEUS,SM I,emeiprodrigues@prefeitura.sp.gov.br,RUA JORGE CARLOS DE ALMEIDA,S/N,JARDIM SANTO ANDRÉ,"RUA JORGE CARLOS DE ALMEIDA, S/N - JARDIM SANTO ANDRÉ",08390-355,22534694,,SHA Comércio de Alimentos Ltda,12885
151,19511,EMEI,DORACI DOS SANTOS RAMOS. PROFA. (Cidade Tiradentes II),GUAIANASES,G,emeicidadetiradentes2@prefeitura.sp.gov.br,R. São Valfredo  S/N,,CIDADE TIRADENTES,R. São Valfredo  S/N,,29647311,2964-7312,Apetece Sistemas de Alimentação Ltda,13028
152,19518,EMEI,"CECILIA SANT ANNA DE SOUZA, PROFA.",ITAQUERA,IQ,emeicssouza@prefeitura.sp.gov.br,RUA FONTOURA XAVIER,226,ITAQUERA,"RUA FONTOURA XAVIER, 226 - ITAQUERA",08295-300,25229391,2079-1496,Apetece Sistemas de Alimentação Ltda,9388
153,19521,EMEI,JARDIM GAIVOTAS,CAPELA DO SOCORRO,CS,ge.ma@ig.com.br,ESTRADA CANAL DE COCAIA,5000,PARQUE RESID. COCAIA,"ESTRADA CANAL DE COCAIA, 5000 - PARQUE RESID. COCAIA",04849-032,59764180,,P.R.M. SERVIÇOS E MÃO DE OBRA ESPECIALIZADA EIRELI,13372
154,19522,EMEI,JARDIM MYRNA,CAPELA DO SOCORRO,CS,emeijmyrna@prefeitura.sp.gov.br,AVENIDA CARLOS ALBERTO BASTOS MACHADO,,JARDIM MYRNA,"AVENIDA CARLOS ALBERTO BASTOS MACHADO,  - JARDIM MYRNA",04856-080,55269662,,P.R.M. SERVIÇOS E MÃO DE OBRA ESPECIALIZADA EIRELI,13378
155,19524,EMEI,ANA PAULA APARECIDA DINIZ PRIMO (EX. LAJEADO I),GUAIANASES,G,emeilajeado1@prefeitura.sp.gov.br,RUA PADRE NILFO DO AMARAL JUNIOR,880,VILA NOVA CURUÇÁ,"RUA PADRE NILFO DO AMARAL JUNIOR, 880 - VILA NOVA CURUÇÁ",08032-650,25137300,,Apetece Sistemas de Alimentação Ltda,13297
156,19533,EMEI,CAMINHO DOS MARTINS,CAPELA DO SOCORRO,CS,emeicaminhodosmartins@prefeitura.sp.gov.br,ESTRADA DOS MARTINS,40,JARDIM VARGINHA,"ESTRADA DOS MARTINS, 40 - JARDIM VARGINHA",04870-500,55267436,,P.R.M. SERVIÇOS E MÃO DE OBRA ESPECIALIZADA EIRELI,13517
157,19534,EMEI,JOAQUIM ANTONIO DA ROCHA,IPIRANGA,IP II,emeijarocha@prefeitura.sp.gov.br,RUA PROF. JOSÉ OZI S/Nº,S/N,IPIRANGA,"RUA PROF. JOSÉ OZI S/Nº, S/N - IPIRANGA",04230-045,20618944,2063-8006,Singular Gestão de Serviços Ltda,9403
158,19535,EMEI,JARDIM SÃO BERNARDO,CAPELA DO SOCORRO,CS,emeijdsaobernardo@prefeitura.sp.gov.br,RUA JOÃO AMÓS COMENIOS,797,JARDIM SÃO BERNARDO,"RUA JOÃO AMÓS COMENIOS, 797 - JARDIM SÃO BERNARDO",04844-720,59244684,,P.R.M. SERVIÇOS E MÃO DE OBRA ESPECIALIZADA EIRELI,13496
159,19536,EMEI,CANAL DO COCAIA,CAPELA DO SOCORRO,CS,bertulezacarvalho@outlook.com,ESTRADA CANAL DE COCAIA,1440,PARQUE RESID. COCAIA,"ESTRADA CANAL DE COCAIA, 1440 - PARQUE RESID. COCAIA",04849-032,59325438,,P.R.M. SERVIÇOS E MÃO DE OBRA ESPECIALIZADA EIRELI,13497
160,19542,EMEI,"ANA MARCHIONE SALLES, PROFA.",PENHA,PE I,emeiamsalles@gmail.com,RUA DAS FOLHAGENS,18,JARDIM POPULAR,"RUA DAS FOLHAGENS, 18 - JARDIM POPULAR",03673-070,27913565,2791-5782,Apetece Sistemas de Alimentação Ltda,9382
161,19593,EMEI,IGUATEMI,SÃO MATEUS,SM I,emeiiguatemi@prefeitura.sp.gov.br,RUA TAURO,S/N,IGUATEMI,"RUA TAURO, S/N - IGUATEMI",08371-770,27316504,,SHA Comércio de Alimentos Ltda,11311
162,19623,EMEI,"RUMI OIKAWA, PROFA.",SÃO MATEUS,SM I,emeiroikawa@prefeitura.sp.gov.br,RUA DOS LIRIOS,10,PARQUE DAS FLORES,"RUA DOS LIRIOS, 10 - PARQUE DAS FLORES",08391-280,27513811,2751-3811,SHA Comércio de Alimentos Ltda,11330
163,19641,CEMEI,JARDIM KIOTO,CAPELA DO SOCORRO,CS,MARCIABELLOTO@PREFEITURA.SP.GOV.BR,RUA DANIEL ATTERBOM,S/N,JARDIM KIOTO,RUA DANIEL ATTERBOM S/N,04832-100,59244089,,P.R.M. SERVIÇOS E MÃO DE OBRA ESPECIALIZADA EIRELI,
164,19642,EMEI,PARQUE SAVOY CITY,ITAQUERA,IQ,emeipscity@sme.prefeitura.sp.gov.br,RUA JACINTO FERREIRA,250,DISTRITO CIDADE LIDER,"RUA JACINTO FERREIRA, 250 - DISTRITO CIDADE LIDER",03584-170,22170754,,Apetece Sistemas de Alimentação Ltda,
165,19644,CEMEI,JARDIM NORONHA,CAPELA DO SOCORRO,CS,MAURA3M@HOTMAIL.COM,RUA TRÊS CORAÇÕES,S/N,JARDIM NORONHA,"RUA TRÊS CORAÇÕES, S/N - JARDIM NORONHA",,59313167,,P.R.M. SERVIÇOS E MÃO DE OBRA ESPECIALIZADA EIRELI,13718
166,19646,EMEI,JARDIM LUCÉLIA,CAPELA DO SOCORRO,CS,,RUA NÉLIA ANDRÉ,S/N,JARDIM LUCÉLIA,"RUA NÉLIA ANDRÉ, SN - JARDIM LUCÉLIA",04852-202,55283370,,P.R.M. SERVIÇOS E MÃO DE OBRA ESPECIALIZADA EIRELI,13723
167,19647,EMEI,JARDIM CASA GRANDE,CAPELA DO SOCORRO,CS,,RUA JOSE NICOLAU DE LIMA,S/N,JARDIM CASA GRANDE,"RUA JOSE NICOLAU DE LIMA, SN - JARDIM CASA GRANDE",04865-010,59220076,,P.R.M. SERVIÇOS E MÃO DE OBRA ESPECIALIZADA EIRELI,13713
168,19650,EMEI,MARECHAL TITO,SÃO MIGUEL,MP II,,AVENIDA MARECHAL TITO,6620,ITAIM PAULISTA,AVENIDA MARECHAL TITO,,,,Singular Gestão de Serviços Ltda,
169,19658,EMEI,"FERNANDO CAMARGO SOARES, PROF.",JAÇANÃ / TREMEMBÉ,JT,emeifcsoares@prefeitura.sp.gov.br,RUA GIUSEPPE MARINO,S/N,PARQUE NOVO MUNDO,"RUA GIUSEPPE MARINO, S/N - PARQUE NOVO MUNDO",02181-190,26363446,2636-3446,SHA Comércio de Alimentos Ltda,9463
170,19666,EMEI,"DINAH GALVAO , PROFA.",PENHA,PE I,emeigalvao@prefeitura.sp.gov.br,RUA JAN LAND,S/N,JARDIM VERÔNIA,"RUA JAN LAND, S/N - JARDIM VERÔNIA",03823-100,25467997,2545-6104,Apetece Sistemas de Alimentação Ltda,9432
171,19682,EMEI,LUIZ GONZAGA DO NASCIMENTO - GONZAGAO,CAPELA DO SOCORRO,CS,emeilgnascimento@prefeitura.sp.gov.br,RUA JOÃO ROSCHEL CHRISTE,S/N,JARDIM N PARELHEIROS,"RUA JOÃO ROSCHEL CHRISTE, S/N - JARDIM N PARELHEIROS",04890-210,59211515,,P.R.M. SERVIÇOS E MÃO DE OBRA ESPECIALIZADA EIRELI,9427
172,90425,EMEI,MONTEIRO LOBATO,IPIRANGA,IP I,emeimlobato@prefeitura.sp.gov.br,RUA BAHIA,257,HIGIENOPOLIS,"RUA BAHIA, 257 - HIGIENOPOLIS",01244-001,36613685,3666-3548,Singular Gestão de Serviços Ltda,6610
173,90549,EMEI,VIRIATO CORREIA,CAPELA DO SOCORRO,CS,emeivcorreia@prefeitura.sp.gov.br,RUA BENTO RODRIGUES BASTOS,25,VILA FRIBURGO,"RUA BENTO RODRIGUES BASTOS, 25 - VILA FRIBURGO",04882-040,56672549,,P.R.M. SERVIÇOS E MÃO DE OBRA ESPECIALIZADA EIRELI,6580
174,90557,EMEI,CARLOS DRUMMOND DE ANDRADE,CAPELA DO SOCORRO,CS,emeicandrade@prefeitura.sp.gov.br,RUA JAIME SCHUNCK BRANCO,S/N,SOCORRO,"RUA JAIME SCHUNCK BRANCO, S/N - SOCORRO",04766-010,55218789,,P.R.M. SERVIÇOS E MÃO DE OBRA ESPECIALIZADA EIRELI,6581
175,90565,EMEI,CASTRO ALVES,CAPELA DO SOCORRO,CS,emeicalves@prefeitura.sp.gov.br,RUA MANOEL VITORINO PEREIRA,93,JORDANÓPOLIS,"RUA MANOEL VITORINO PEREIRA, 93 - JORDANÓPOLIS",04830-020,59710844,,P.R.M. SERVIÇOS E MÃO DE OBRA ESPECIALIZADA EIRELI,6582
176,90573,EMEI,"RIO BRANCO, BR. DO",CAPELA DO SOCORRO,CS,emeibrbranco@prefeitura.sp.gov.br,RUA RAFARD,S/N,GRAJAU,"RUA RAFARD, S/N - GRAJAU",04840-220,55280231,,P.R.M. SERVIÇOS E MÃO DE OBRA ESPECIALIZADA EIRELI,6583
177,90581,EMEI,LUIS TRAVASSOS,CAPELA DO SOCORRO,CS,emeiltravassos@prefeitura.sp.gov.br,RUA SANTO ANTONIO DO CANTARO,88,JARDIM BONITO,"RUA SANTO ANTONIO DO CANTARO, 88 - JARDIM BONITO",04829-070,59291929,,P.R.M. SERVIÇOS E MÃO DE OBRA ESPECIALIZADA EIRELI,6584
178,90590,EMEI,"ARISTIDES NOGUEIRA, DR.",CAPELA DO SOCORRO,CS,emeianogueira@prefeitura.sp.gov.br,RUA CAMPOS DO ARAVIL,290,PARQUE COCAIA,"RUA CAMPOS DO ARAVIL, 290 - PARQUE COCAIA",04850-260,59320037,,P.R.M. SERVIÇOS E MÃO DE OBRA ESPECIALIZADA EIRELI,6585
179,90603,EMEI,ZUMBI DOS PALMARES,CAPELA DO SOCORRO,CS,emeizpalmares@prefeitura.sp.gov.br,RUA ARMANDO SPÓSITO,225,PARQUE AMÉRICA,"RUA ARMANDO SPÓSITO, 225 - PARQUE AMÉRICA",04822-160,59718664,,P.R.M. SERVIÇOS E MÃO DE OBRA ESPECIALIZADA EIRELI,6586
180,90620,EMEI,MARIALICE MENCARINI FORACCHI,CAPELA DO SOCORRO,CS,emeimmforacchi@prefeitura.sp.gov.br,RUA FRANCISCO M. OLIVEIRA JR.,318,JARDIM 3 CORAÇÕES,"RUA FRANCISCO M. OLIVEIRA JR., 318 - JARDIM 3 CORAÇÕES",04855-340,55285666,,P.R.M. SERVIÇOS E MÃO DE OBRA ESPECIALIZADA EIRELI,6587
181,90638,EMEI,SERGIO CARDOSO,CAPELA DO SOCORRO,CS,emeiscardoso@prefeitura.sp.gov.br,RUA DJALMA PESSOLATO,57,JARDIM SATELITE,"RUA DJALMA PESSOLATO, 57 - JARDIM SATELITE",04815-120,56666106,,P.R.M. SERVIÇOS E MÃO DE OBRA ESPECIALIZADA EIRELI,6588
182,90646,EMEI,CLARA NUNES,CAPELA DO SOCORRO,CS,emeicnunes@prefeitura.sp.gov.br,RUA ADIB CHAMMAS,104,VELEIROS,"RUA ADIB CHAMMAS, 104 - VELEIROS",04845-200,55224183,5521-2047,P.R.M. SERVIÇOS E MÃO DE OBRA ESPECIALIZADA EIRELI,6589
183,90654,EMEI,PIRATININGA,ITAQUERA,IQ,emeipiratininga@prefeitura.sp.gov.br,RUA GALEANDRA,149,JARDIM ELIANE,"RUA GALEANDRA, 149 - JARDIM ELIANE",03577-040,27413876,2741-3876,Apetece Sistemas de Alimentação Ltda,6663
184,90662,EMEI,MARIA MONTESSORI,ITAQUERA,IQ,emeimmontessori@prefeitura.sp.gov.br,AVENIDA OSVALDO VALLE CORDEIRO,263,JARDIM BRASÍLIA,"AVENIDA OSVALDO VALLE CORDEIRO, 263 - JARDIM BRASÍLIA",03584-000,27410952,2741-0952,Apetece Sistemas de Alimentação Ltda,6630
185,90671,EMEI,LEONARDO ARROYO,PENHA,PE II,leonardoarroyo@ig.com.br,RUA PADRE JOSÉ VIEIRA DE MATOS,44,COHAB I - ARTUR ALVIM,"RUA PADRE JOSÉ VIEIRA DE MATOS, 44 - COHAB I - ARTUR ALVIM",03590-010,27426405,2742-1120,Apetece Sistemas de Alimentação Ltda,6666
186,90689,EMEI,"MARIA VITORIA DA CUNHA, PROFA.",PENHA,PE II,emeimvcunha@prefeitura.sp.gov.br,RUA PADRE TOMAS DE VILA NOVA,644,COHAB I - ARTUR ALVIM,"RUA PADRE TOMAS DE VILA NOVA, 644 - COHAB I - ARTUR ALVIM",03590-100,27417293,,Apetece Sistemas de Alimentação Ltda,6668
187,90697,EMEI,PEDRO BRASIL BANDECCHI,PENHA,PE II,emeipbbandecchi@prefeitura.sp.gov.br,AVENIDA WALDEMAR TIETZ,950,COHAB I - ARTUR ALVIM,"AVENIDA WALDEMAR TIETZ, 950 - COHAB I - ARTUR ALVIM",03589-000,27411175,2741-7617,Apetece Sistemas de Alimentação Ltda,6670
188,90701,EMEI,IBIAPABA MARTINS,PENHA,PE II,emeimartins@prefeitura.sp.gov.br,RUA MARIA EUGÊNIA CELSO,295,PARQUE ARTUR ALVIM,"RUA MARIA EUGÊNIA CELSO, 295 - PARQUE ARTUR ALVIM",03568-050,27423055,2741-83-60,Apetece Sistemas de Alimentação Ltda,6665
189,90719,EMEI,"LUCIANO ROBERTO, PROF.",PENHA,PE II,emeilroberto@prefeitura.sp.gov.br,RUA PADRE CLÁUDIO GOMES,82,COHAB I - ARTUR ALVIM,"RUA PADRE CLÁUDIO GOMES, 82 - COHAB I - ARTUR ALVIM",03590-020,27416413,2741-4316,Apetece Sistemas de Alimentação Ltda,6667
190,90727,EMEI,ROBERTO VICTOR CORDEIRO,PENHA,PE II,emeirvcordeiro@prefeitura.sp.gov.br,AVENIDA SYLVIO TORRES,349,COHAB I ANCHIETA,"AVENIDA SYLVIO TORRES, 349 - COHAB I ANCHIETA",03589-010,27428270,2747-3890,Apetece Sistemas de Alimentação Ltda,6676
191,90735,EMEI,JOSE DUARTE,ITAQUERA,IQ,meijduarte@prefeitura.sp.gov.br,RUA DIAS COELHO,97,CIDADE LÍDER,"RUA DIAS COELHO, 97 - CIDADE LÍDER",08280-360,27471555,2747-2111,Apetece Sistemas de Alimentação Ltda,6625
192,90743,EMEI,"DENISE MERCIER RODRIGUES AGUIAR, PROFA.",ITAQUERA,IQ,emeidmraguiar@prefeitura.sp.gov.br,RUA GIOVANI QUADRI,354,ITAQUERA,"RUA GIOVANI QUADRI, 354 - ITAQUERA",08255-500,25216055,2521-6055,Apetece Sistemas de Alimentação Ltda,6631
193,90751,EMEI,"BUENO DE AZEVEDO, DR.",ITAQUERA,IQ,emeibazevedo@prefeitura.sp.gov.br,RUA AUGUSTO CAVALCANTI,232,ITAQUERA,"RUA AUGUSTO CAVALCANTI, 232 - ITAQUERA",08253-110,25226106,2521-1264,Apetece Sistemas de Alimentação Ltda,6632
194,90760,EMEI,"SYLVIA VARONI DE CASTRO, PROFA.",ITAQUERA,IQ,emeisvcastro@prefeitura.sp.gov.br,RUA ANTONIO GANDINI,26,ITAQUERA,"RUA ANTONIO GANDINI , 26 - ITAQUERA",08215-460,22055325,2079-0920,Apetece Sistemas de Alimentação Ltda,6633
195,90778,EMEI,"LEONARDO VAN ACKER, Prof.",ITAQUERA,IQ,emeilvacker@prefeitura.sp.gov.br,RUA CONSTANTINO FERNANDES,21,ITAQUERA,"RUA CONSTANTINO FERNANDES, 21 - ITAQUERA",08255-030,25215541,2521-1318,Apetece Sistemas de Alimentação Ltda,6634
196,90786,EMEI,"FLORIANO PEIXOTO, MAL.",ITAQUERA,IQ,emeifpeixoto@prefeitura.sp.gov.br,RUA VICTÓRIO SANTIM,645,ITAQUERA,"RUA VICTÓRIO SANTIM, 645 - ITAQUERA",08290-001,22056280,2205-6280,Apetece Sistemas de Alimentação Ltda,6635
197,90794,EMEI,ANTONIO GONCALVES DIAS,ITAQUERA,IQ,emeiagdias@prefeitura.sp.gov.br,RUA ANTÔNIO MOURA ANDRADE,395,JARDIM REDIL,"RUA ANTÔNIO MOURA ANDRADE, 395 - JARDIM REDIL",08210-660,22050986,2205-0986,Apetece Sistemas de Alimentação Ltda,6636
198,90808,EMEI,"MANOEL DA NOBREGA, PE.",ITAQUERA,IQ,emeimnobrega@prefeitura.sp.gov.br,RUA ADELINO,100,ITAQUERA,"RUA ADELINO, 100 - ITAQUERA",08225-160,29446539,2944-6539,Apetece Sistemas de Alimentação Ltda,6637
199,90816,EMEI,"MARIA HELENA BARBOSA MARTINS, PROFA.",ITAQUERA,IQ,emeimhbmartins@prefeitura.sp.gov.br,RUA IBIAJARA,757,PARADA XV DE NOVEMBRO,"RUA IBIAJARA, 757 - PARADA XV DE NOVEMBRO",08248-110,22056890,2079-0030,Apetece Sistemas de Alimentação Ltda,6638
200,90824,EMEI,RONALD DE CARVALHO,ITAQUERA,IQ,emeircarvalho@prefeitura.sp.gov.br,RUA LINCOLN JUNQUEIRA,590,JARDIM SÃO PEDRO,"RUA LINCOLN JUNQUEIRA, 590 - JARDIM SÃO PEDRO",08420-660,25579738,2557-2052,Apetece Sistemas de Alimentação Ltda,6639
201,90832,EMEI,RODRIGUES DE ABREU,GUAIANASES,G,emeirabreu@prefeitura.sp.gov.br,RUA JOÃO DOS REIS,4,VILA PRINCESA ISABEL,"RUA JOÃO DOS REIS, 4 - VILA PRINCESA ISABEL",08410-150,25578187,2557-1949,Apetece Sistemas de Alimentação Ltda,6640
202,90841,EMEI,"GIANFEDERICO PORTA, PROF.",GUAIANASES,G,emeigporta@prefeitura.sp.gov.br,RUA TORRE DE SANTIAGO,323,JARDIM SOARES,"RUA TORRE DE SANTIAGO, 323 - JARDIM SOARES",08460-180,25570634,,Apetece Sistemas de Alimentação Ltda,6641
203,90859,EMEI,TOMAS GALHARDO,GUAIANASES,G,emeitgalhardo@prefeitura.sp.gov.br,RUA INÁCIO PINTO LIMA,79,PRESTES MAIA,"RUA INÁCIO PINTO LIMA, 79 - PRESTES MAIA",08490-020,25552757,2555-3256,Apetece Sistemas de Alimentação Ltda,6642
204,90867,EMEI,PESTALOZZI,SÃO MATEUS,SM I,emeipestalozzi@prefeitura.sp.gov.br,RUA ABNER RIBEIRO BORGES,154,JARDIM ROSELY,"RUA ABNER RIBEIRO BORGES, 154 - JARDIM ROSELY",08380-520,27312774,2736-1841,SHA Comércio de Alimentos Ltda,11325
205,90875,EMEI,FELIPE D'OLIVEIRA,SÃO MATEUS,SM I,emeifoliveira@prefeitura.sp.gov.br,RUA ANTONIO PAVAO,5,PARQUE BOA ESPERANÇA,"RUA ANTONIO PAVAO, 5 - PARQUE BOA ESPERANÇA",08341-070,27311580,2731-1580,SHA Comércio de Alimentos Ltda,11318
206,90883,EMEI,JESUINA NUNES BARBOSA,SÃO MATEUS,SM II,emeijnbarbosa@prefeitura.sp.gov.br,RUA EMBAIXADOR  ILDEFONSO FALCAO,157,SÃO MATEUS,"RUA EMBAIXADOR  ILDEFONSO FALCAO, 157 - SÃO MATEUS",03964-020,29193644,2015-3217,Comercial Milano Brasil LTDA,11321
207,90891,EMEI,CECILIA MEIRELLES,SÃO MATEUS,SM II,emeicmeirelles@prefeitura.sp.gov.br,RUA DR. PAULO QUEIROZ,987,JARDIM NOVE DE JULHO,"RUA DR. PAULO QUEIROZ, 987 - JARDIM NOVE DE JULHO",03951-090,29193090,2019-4577,Comercial Milano Brasil LTDA,11314
208,90905,CEU EMEI,"JOSE GASPAR, D.",ITAQUERA,IQ,emeijosegaspar@prefeitura.sp.gov.br,RUA OLGA FADEL ABARCA,S/N,JARDIM SANTA TEREZINHA,"RUA OLGA FADEL ABARCA, S/N - JARDIM SANTA TEREZINHA",03572-020,27237520,2723-7521,Apetece Sistemas de Alimentação Ltda,6628
209,90913,EMEI,FLORINDA ROBERTO QUEIROZ DE CASTRO,ITAQUERA,IQ,emeifrqcastro@prefeitura.sp.gov.br,RUA LINCOLN JUNQUEIRA,100,JARDIM SÃO PEDRO,"RUA LINCOLN JUNQUEIRA, 100 - JARDIM SÃO PEDRO",08420-660,25544538,2557-2039,Apetece Sistemas de Alimentação Ltda,6643
210,90921,EMEI,"PEDRO CHAVES, MIN.",ITAQUERA,IQ,emeipchaves@prefeitura.sp.gov.br,RUA ISABEL URBINA,149,ITAQUERA,"RUA ISABEL URBINA, 149 - ITAQUERA",08253-210,27416715,2522-8019,Apetece Sistemas de Alimentação Ltda,6644
211,90930,EMEI,ERNANI SILVA BRUNO,ITAQUERA,IQ,emeiesbruno@prefeitura.sp.gov.br,RUA DANIEL MONGOLO,145,ITAQUERA,"RUA DANIEL MONGOLO, 145 - ITAQUERA",08250-580,22056872,2205-6872,Apetece Sistemas de Alimentação Ltda,6645
212,90948,EMEI,MIROEL SILVEIRA,ITAQUERA,IQ,emeimsilveira@prefeitura.sp.gov.br,RUA CORRUIRA DO BREJO,133,ITAQUERA,"RUA CORRUIRA DO BREJO, 133 - ITAQUERA",08253-530,25216670,2521-6670,Apetece Sistemas de Alimentação Ltda,6646
213,90956,EMEI,"CARLOS JEREISSATI, SEN.",ITAQUERA,IQ,emeicjereissati@prefeitura.sp.gov.br,RUA GUILHERME VALÊNCIA,125,ITAQUERA,"RUA GUILHERME VALÊNCIA, 125 - ITAQUERA",08253-280,25210496,2521-4433,Apetece Sistemas de Alimentação Ltda,6647
214,90964,EMEI,"APARECIDA MARIA DE MENDONCA, PROFA.",ITAQUERA,IQ,emeiapmmendonca@prefeitura.sp.gov.br,RUA ISIDORO DE LARA,150,ITAQUERA,"RUA ISIDORO DE LARA, 150 - ITAQUERA",08253-250,22863885,2521-7571,Apetece Sistemas de Alimentação Ltda,6648
215,90972,EMEI,MARGARIDA MARIA ALVES,GUAIANASES,G,emeimalves@prefeitura.sp.gov.br,RUA SANTO RIZZO,10,SANTA ETELVIAN I A,"RUA SANTO RIZZO, 10 - SANTA ETELVIAN I A",08470-250,22822117,2282-2117,Apetece Sistemas de Alimentação Ltda,6649
216,90981,EMEI,CARLOTA PEREIRA DE QUEIROZ,GUAIANASES,G,emeicpqueiroz@prefeitura.sp.gov.br,RUA FERNANDO GANGA,25,CIDADE TIRADENTES V,"RUA FERNANDO GANGA, 25 - CIDADE TIRADENTES V",08471-100,22822115,2516-0405,Apetece Sistemas de Alimentação Ltda,6650
217,90999,EMEI,ADONIRAN BARBOSA,GUAIANASES,G,emeiabarbosa@prefeitura.sp.gov.br,RUA DOS PEDREIROS,167,CIDADE TIRADENTES IV,"RUA DOS PEDREIROS, 167 - CIDADE TIRADENTES IV",08471-530,22822123,2516-0378,Apetece Sistemas de Alimentação Ltda,6651
218,91006,EMEI,"NILDO DO AMARAL JUNIOR, PE.",ITAQUERA,IQ,emeinamaral@prefeitura.sp.gov.br,RUA LOPES DE MEDEIROS,5-A,JARDIM NOSSA SRA. DO CARMO,"RUA LOPES DE MEDEIROS, 5-A - JARDIM NOSSA SRA. DO CARMO",08275-430,27482725,2748-2725,Apetece Sistemas de Alimentação Ltda,6652
219,91014,EMEI,AMACIO MAZZAROPI,GUAIANASES,G,emeiamazzaropi@prefeitura.sp.gov.br,RUA DR. FRANCISCO TENENTE TORRE,55,COHAB JUSCELINO,"RUA DR. FRANCISCO TENENTE TORRE, 55 - COHAB JUSCELINO",08472-070,25557666,2555-7666,Apetece Sistemas de Alimentação Ltda,6653
220,91022,EMEI,ODUVALDO VIANA FILHO,GUAIANASES,G,emeiviana@prefeitura.sp.gov.br,AVENIDA UTARO KANAI,216,COHAB JUSCELINO,"AVENIDA UTARO KANAI, 216 - COHAB JUSCELINO",08465-000,25552651,2555-2651,Apetece Sistemas de Alimentação Ltda,6654
221,91031,EMEI,SAMUEL WAINER,GUAIANASES,G,emeiswainer@prefeitura.sp.gov.br,RUA CONTO DE AREIA,69,CASTRO ALVES,"RUA CONTO DE AREIA, 69 - CASTRO ALVES",08474-220,29643925,2282-0440,Apetece Sistemas de Alimentação Ltda,6655
222,91057,EMEI,"LUIZ PEREIRA, PROF.",ITAQUERA,IQ,emeilaperreira@prefeitura.sp.gov.br,RUA JOSÉ OITICICA,113,JARDIM IPANEMA,"RUA JOSÉ OITICICA, 113 - JARDIM IPANEMA",03578-080,27245949,2724-5949,Apetece Sistemas de Alimentação Ltda,6629
223,91065,EMEI,ELIS REGINA,SÃO MATEUS,SM II,emeielisregina@prefeitura.sp.gov.br,RUA ERNESTO MANOGRASSO,340,SÃO MATEUS,"RUA ERNESTO MANOGRASSO, 340 - SÃO MATEUS",03963-100,29199960,2019-2422,Comercial Milano Brasil LTDA,11441
224,91073,EMEI,AUGUSTO FROEBEL,PENHA,PE I,emeiafroebel@prefeitura.sp.gov.br,RUA FÁBIO JOSÉ BEZERRA,643,PARQUE BOTURUSSU,"RUA FÁBIO JOSÉ BEZERRA, 643 - PARQUE BOTURUSSU",03805-000,29433098,2943-3098,Apetece Sistemas de Alimentação Ltda,6681
225,91081,EMEI,"MAX WOLF FILHO, SGT.",PENHA,PE I,emeimaxwolf@prefeitura.sp.gov.br,RUA FIGUEIRA DA POLINÉSIA,258,JARDIM MATARAZZO,"RUA FIGUEIRA DA POLINÉSIA, 258 - JARDIM MATARAZZO",03809-150,29432869,2546-7745,Apetece Sistemas de Alimentação Ltda,6682
226,91090,EMEI,"MIGUEL COSTA, GEN.",PENHA,PE I,emeimcosta@prefeitura.sp.gov.br,RUA ARROJADO LISBOA,37,JARDIM COTINHA,"RUA ARROJADO LISBOA, 37 - JARDIM COTINHA",03887-010,20423378,2280-9978,Apetece Sistemas de Alimentação Ltda,6669
227,91103,EMEI,JARDIM PEDRO JOSE NUNES,SÃO MIGUEL,MP I,emeijpjnunes@prefeitura.sp.gov.br,RUA FLOR DE SÃO MIGUEL,261,SÃO MIGUEL PAULISTA,"RUA FLOR DE SÃO MIGUEL, 261 - SÃO MIGUEL PAULISTA",08061-020,20370819,,Singular Gestão de Serviços Ltda,6684
228,91111,EMEI,EPITACIO PESSOA,SÃO MIGUEL,MP I,emeiepessoa@prefeitura.sp.gov.br,RUA DANIEL ARCIONI,10,LIMOEIRO,"RUA DANIEL ARCIONI, 10 - LIMOEIRO",08051-080,22809888,,Singular Gestão de Serviços Ltda,6685
229,91120,EMEI,AFRANIO PEIXOTO,SÃO MIGUEL,MP I,emeiapeixoto@prefeitura.sp.gov.br,AVENIDA MARIA SANTANA,230,SITIO CASA PINTADA,"AVENIDA MARIA SANTANA, 230 - SITIO CASA PINTADA",08030-150,20537250,,Singular Gestão de Serviços Ltda,6686
230,91138,EMEI,ANTONIO LAPENNA,SÃO MIGUEL,MP I,emeialapenna@prefeitura.sp.gov.br,RUA DIEGO CALADO,112,SÃO MIGUEL PAULISTA,"RUA DIEGO CALADO, 112 - SÃO MIGUEL PAULISTA",08011-420,22970178,,Singular Gestão de Serviços Ltda,6687
231,91146,EMEI,GRACILIANO RAMOS,SÃO MIGUEL,MP II,emeigramos@prefeitura.sp.gov.br,RUA GUIRAPÃ,478,VILA CURUÇÁ,"RUA GUIRAPÃ, 478 - VILA CURUÇÁ",08030-290,20354949,2514-7440,Singular Gestão de Serviços Ltda,6688
232,91154,EMEI,ANTONIO PEREIRA LIMA,GUAIANASES,G,emeiaplima@prefeitura.sp.gov.br,RUA ANANAI,982,VILA NOVA CURUÇÁ,"RUA ANANAI, 982 - VILA NOVA CURUÇÁ",08032-370,20351874,2514-7426,Apetece Sistemas de Alimentação Ltda,6624
233,91162,EMEI,MAGDALENA TAGLIAFERRO,GUAIANASES,G,emeimtagliaferro@prefeitura.sp.gov.br,RUA PORTO DO BEZERRA.,1056,PARQUE GUAIANASES,"RUA PORTO DO BEZERRA., 1056 - PARQUE GUAIANASES",08440-000,20355849,,Apetece Sistemas de Alimentação Ltda,6656
234,91171,EMEI,LUIZA HELENA DE BARROS,SÃO MIGUEL,MP II,emeilhbarros@prefeitura.sp.gov.br,RUA PATAJUBA,8,ITAIM PAULISTA,"RUA PATAJUBA, 8 - ITAIM PAULISTA",08160-090,20353777,,Singular Gestão de Serviços Ltda,6689
235,91189,EMEI,JOSE DE ALENCAR,SÃO MIGUEL,MP II,emeijalencar@prefeitura.sp.gov.br,RUA ALICIO CLARA SIMÃO,251,ITAIM PAULISTA,"RUA ALICIO CLARA SIMÃO, 251 - ITAIM PAULISTA",08160-580,25613788,,Singular Gestão de Serviços Ltda,6690
236,91197,EMEI,"PEDRO II, D.",SÃO MIGUEL,MP I,emeidompedro2@prefeitura.sp.gov.br,RUA DR. JOSE DE PORCIÚNCULA,1280,PARQUE PAULISTANO,"RUA DR. JOSE DE PORCIÚNCULA, 1280 - PARQUE PAULISTANO",08080-650,25865140,,Singular Gestão de Serviços Ltda,6691
237,91201,EMEI,MARIA QUITERIA,SÃO MIGUEL,MP I,emeimquiteria@prefeitura.sp.gov.br,RUA MARFIM VEGETAL,126,SÃO MIGUEL PAULISTA,"RUA MARFIM VEGETAL, 126 - SÃO MIGUEL PAULISTA",08081-330,25810422,,Singular Gestão de Serviços Ltda,6692
238,91219,EMEI,"ALBERTO MENDES JUNIOR, CAP.",SÃO MIGUEL,MP II,emeiamendesjr@prefeitura.sp.gov.br,RUA NOGUEIRA VIOTTI,452,JARDIM CAMARGO VELHO,"RUA NOGUEIRA VIOTTI, 452 - JARDIM CAMARGO VELHO",08120-300,25678404,,Singular Gestão de Serviços Ltda,6693
239,91227,EMEI,OVIDIO DECROLY,SÃO MIGUEL,MP II,emeiodecroly@prefeitura.sp.gov.br,RUA PIRAMIUNA,95,ITAIM PAULISTA,"RUA PIRAMIUNA, 95 - ITAIM PAULISTA",08121-440,29632541,,Singular Gestão de Serviços Ltda,6694
240,91235,EMEI,"HELENA DE PAULA MARIN, PROFA.",SÃO MIGUEL,MP I,emeihpmarin@prefeitura.sp.gov.br,RUA JOSÉ FERREIRA CRESPO,471,SÃO MIGUEL PAULISTA,"RUA JOSÉ FERREIRA CRESPO, 471 - SÃO MIGUEL PAULISTA",08021-480,20375037,,Singular Gestão de Serviços Ltda,6695
241,91243,EMEI,LEILA DINIZ,SÃO MIGUEL,MP II,emeildiniz@prefeitura.sp.gov.br,RUA PEROBA ROSA,13,JARDIM MIRAGAIA,"RUA PEROBA ROSA, 13 - JARDIM MIRAGAIA",08161-310,20353633,,Singular Gestão de Serviços Ltda,6696
242,91251,EMEI,GLAUBER ROCHA,ITAQUERA,IQ,emeigrocha@prefeitura.sp.gov.br,RUA PINHEIRO DO PARANÁ,493,PARQUE GUARANI,"RUA PINHEIRO DO PARANÁ, 493 - PARQUE GUARANI",08235-590,20515733,2051-5733,Apetece Sistemas de Alimentação Ltda,6657
243,91260,EMEI,"IRENE FAVRET LOPES, PROFA.",PENHA,PE II,emeiflopes@prefeitura.sp.gov.br,RUA JARINU,640,TATUAPÉ,"RUA JARINU, 640 - TATUAPÉ",03306-000,22960970,2296-3706,Apetece Sistemas de Alimentação Ltda,6807
244,91278,EMEI,"GOMES CARDIM, INTENDENTE",PENHA,PE II,emeigcardim@prefeitura.sp.gov.br,LARGO NOSSA SENHORA DO BOM PARTO,S/N,VILA GOMES CARDIM,"LARGO NOSSA SENHORA DO BOM PARTO, S/N - VILA GOMES CARDIM",03322-080,22957940,2091-3194,Apetece Sistemas de Alimentação Ltda,6808
245,91286,EMEI,"MARIA LAURA DE SOUZA CAMPOS, PROFA.",ITAQUERA,IQ,emeimlscampos@prefeitura.sp.gov.br,RUA MORORO,S/N,VILA ANTONINA,"RUA MORORO, S/N - VILA ANTONINA",03410-060,22953938,2295-3938,Apetece Sistemas de Alimentação Ltda,6809
246,91294,EMEI,QUINTINO BOCAIUVA,PENHA,PE II,emeiqbocaiuva@prefeitura.sp.gov.br,Rua Monte Serrat,468,TATUAPÉ,"Rua Monte Serrat, 468 - TATUAPÉ",03312-000,22953555,2097-2788,Apetece Sistemas de Alimentação Ltda,6810
247,91308,EMEI,"RAFAEL TOBIAS DE AGUIAR, BRIG.",PENHA,PE II,emeirtaguiar@prefeitrura.sp.gov.br,PRAÇA GOMES CARNEIRO,30,VILA GUILHERMINA,"PRAÇA GOMES CARNEIRO, 30 - VILA GUILHERMINA",03541-040,26840171,2684-0171,Apetece Sistemas de Alimentação Ltda,6680
248,91316,EMEI,"LUIZ GOMES CARDIM SANGIRARDI, ENG.",PENHA,PE II,emeilgcsangirardi@prefeitura.sp.gov.br,RUA LEONOR DOMINGUES,244,JARDIM HERCÍLIA,"RUA LEONOR DOMINGUES, 244 - JARDIM HERCÍLIA",03557-040,27491667,2749-1667,Apetece Sistemas de Alimentação Ltda,6678
249,91324,EMEI,EVARISTO DA VEIGA,PENHA,PE I,emeieveiga@prefeitura.sp.gov.br,RUA PIERRE JANSSEN,40,JARDIM NORDESTE,"RUA PIERRE JANSSEN, 40 - JARDIM NORDESTE",03690-010,20483062,2280-5737,Apetece Sistemas de Alimentação Ltda,6679
250,91332,EMEI,TOMAS ANTONIO GONZAGA,PENHA,PE I,emeiagonzaga@prefeitura.sp.gov.br,RUA SÍLVIO RIBEIRO DOS SANTOS,46,VILA UNIÃO,"RUA SÍLVIO RIBEIRO DOS SANTOS, 46 - VILA UNIÃO",03683-040,22804895,2041-5958,Apetece Sistemas de Alimentação Ltda,6671
251,91341,EMEI,"JOSE RUBENS PERES FERNANDES, PROF.",PENHA,PE I,emeijrpfernandes@prefeitura.sp.gov.br,RUA FAUSTINO PAGANINI,695,CHÁCARA CRUZEIRO DO SUL,"RUA FAUSTINO PAGANINI, 695 - CHÁCARA CRUZEIRO DO SUL",03732-010,26414958,2641-0625,Apetece Sistemas de Alimentação Ltda,6672
252,91359,EMEI,MARIO GRACIOTTI,PENHA,PE I,emeimgraciotti@prefeitura.sp.gov.br,RUA ENTRE RIOS,160,VILA BUENO AIRES,"RUA ENTRE RIOS, 160 - VILA BUENO AIRES",03736-000,2684 7178,2684-7178,Apetece Sistemas de Alimentação Ltda,6673
253,91367,EMEI,"GOULART, ENG.",PENHA,PE I,emeigoulart@prefeitura.sp.gov.br,PRAÇA GAJÉ,365,ENG. GOULART,"PRAÇA GAJÉ, 365 - ENG. GOULART",03725-040,26217131,2621-8095,Apetece Sistemas de Alimentação Ltda,6674
254,91375,EMEI,SILVIO ROMERO,PENHA,PE II,emeisromero@prefeitura.sp.gov.br,LARGO SÃO JOSÉ DO MARANHÃO,S/N,TATUAPÉ,"LARGO SÃO JOSÉ DO MARANHÃO, S/N - TATUAPÉ",03089-010,22952470,2092-8344,Apetece Sistemas de Alimentação Ltda,6811
255,91383,EMEI,"DUTRA, PRES.",PENHA,PE II,emeidutra@prefeitura.sp.gov.br,RUA SANTO ELIAS,146,TATUAPÉ,"RUA SANTO ELIAS, 146 - TATUAPÉ",03086-050,22964799,2295-3726,Apetece Sistemas de Alimentação Ltda,6812
256,91391,EMEI,MARY BUARQUE,PENHA,PE II,emeimbuarque@prefeitura.sp.gov.br,RUA RESTINGA,150,TATUAPÉ,"RUA RESTINGA, 150 - TATUAPÉ",03065-020,22952298,2296-5396,Apetece Sistemas de Alimentação Ltda,6813
257,91405,EMEI,MARIA LACERDA DE MOURA,PENHA,PE II,emeimlmoura@prefeitura.sp.gov.br,RUA FELIPE SALOMÃO,136,VILA DALILA,"RUA FELIPE SALOMÃO, 136 - VILA DALILA",03522-080,26510704,2651-0704,Apetece Sistemas de Alimentação Ltda,6675
258,91413,EMEI,RODRIGO SOARES JUNIOR,PENHA,PE I,emeirsoaresjr@prefeitura.sp.gov.br,RUA CAIÇARA DO RIO DO VENTO,237,VILA CISPER,"RUA CAIÇARA DO RIO DO VENTO, 237 - VILA CISPER",03817-000,25460814,,Apetece Sistemas de Alimentação Ltda,6683
259,91421,EMEI,ALFREDO DA ROCHA VIANA FILHO - PIXINGUINHA,PENHA,PE I,emeiarviana@prefeitura.sp.gov.br,RUA LUCIANO NOGUEIRA,360,JARDIM JANIÓPOLIS,"RUA LUCIANO NOGUEIRA, 360 - JARDIM JANIÓPOLIS",03721-080,29578588,2684-5742,Apetece Sistemas de Alimentação Ltda,6677
260,91430,EMEI,MANOEL PRETO,FREGUÊSIA / BRASILÂNDIA,FO,emeimpreto@prefeitura.sp.gov.br,RUA BONIFACIO CUBAS,356,FREGUESIA DO Ó,"RUA BONIFACIO CUBAS, 356 - FREGUESIA DO Ó",02736-000,39313871,3931-3887,SHA Comércio de Alimentos Ltda,6725
261,91448,EMEI,OLAVO BILAC,FREGUÊSIA / BRASILÂNDIA,FO,obilac@prefeitura.sp.gov.br,RUA SILVINO LOPES,S/N,FREGUESIA DO Ó,"RUA SILVINO LOPES, S/N - FREGUESIA DO Ó",02803-030,39753471,3975-6643,SHA Comércio de Alimentos Ltda,6726
262,91456,EMEI,FELIPE MESTRE JOU,FREGUÊSIA / BRASILÂNDIA,FO,emeifmestrejou@prefeitura.sp.gov.br,AVENIDA JOAO PAULO I,1347,FREGUESIA DO Ó,"AVENIDA JOAO PAULO I, 1347 - FREGUESIA DO Ó",02738-000,39245724,3924-1946,SHA Comércio de Alimentos Ltda,6727
263,91464,EMEI,25 DE JANEIRO,FREGUÊSIA / BRASILÂNDIA,FO,emei25dejaneiro@prefeitura.sp.gov.br,RUA PADRE FELICIANO DOMINGUES,182,FREGUESIA DO Ó,"RUA PADRE FELICIANO DOMINGUES, 182 - FREGUESIA DO Ó",02965-140,39756908,3975-6908,SHA Comércio de Alimentos Ltda,6728
264,91472,EMEI,"JOSE CANAVO FILHO, CEL.",FREGUÊSIA / BRASILÂNDIA,FO,jcanavo@prefeitura.sp.gov.br,RUA EUVALDO AUGUSTO FREIRE,2,JARDIM CAROMBE,"RUA EUVALDO AUGUSTO FREIRE, 2 - JARDIM CAROMBE",02855-030,39215132,3921-5132,SHA Comércio de Alimentos Ltda,6729
265,91481,EMEI,"ALEXANDRE GAMA, CEL.",FREGUÊSIA / BRASILÂNDIA,FO,emeiagama@prefeitura.sp.gov.br,RUA GREGORIO POMAR,12,JARDIM DAMASCENO,"RUA GREGORIO POMAR, 12 - JARDIM DAMASCENO",02879-050,39214587,3921-4587,SHA Comércio de Alimentos Ltda,6730
266,91499,EMEI,ANITA GARIBALDI,FREGUÊSIA / BRASILÂNDIA,FO,emeiagaribaldi.prefeitura.sp.gov.br,RUA OTELO ZELONI,60,PARQUE PEDROSO,"RUA OTELO ZELONI, 60 - PARQUE PEDROSO",02850-040,38515611,2851-7262,SHA Comércio de Alimentos Ltda,6731
267,91502,EMEI,MARTINS FONTES,FREGUÊSIA / BRASILÂNDIA,FO,emeimfontes@prefeitura.sp.gopv.br,RUA BARTOLOMEU LAURENTI,205,PARQUE TIEITE,"RUA BARTOLOMEU LAURENTI, 205 - PARQUE TIEITE",02870-020,38510479,3851-0479,SHA Comércio de Alimentos Ltda,6718
268,91511,EMEI,"LUCAS NOGUEIRA GARCEZ, GOV.",FREGUÊSIA / BRASILÂNDIA,FO,emeilngarcez@prefeitura.sp.gov.br,RUA JOSE DA COSTA GAVIÃO,140,JARDIM LADEIRA ROSA,"RUA JOSE DA COSTA GAVIÃO, 140 - JARDIM LADEIRA ROSA",02172-000,38512560,3851-3284,SHA Comércio de Alimentos Ltda,6719
269,91529,EMEI,"BILAC PINTO, MIN.",FREGUÊSIA / BRASILÂNDIA,FO,emeibilac@prefeitura.sp.gov.br,RUA IBIRAIARAS,19,JARDIM VISTA ALEGRE,"RUA IBIRAIARAS, 19 - JARDIM VISTA ALEGRE",02878-080,38513508,3851-3508,SHA Comércio de Alimentos Ltda,6720
270,91537,EMEI,ROSA E CAROLINA AGAZZI,FREGUÊSIA / BRASILÂNDIA,FO,emeircagazzi@prefeitura.sp.gov.br,RUA DR. ARAUJO CASTRO,S/N,JARDIM PERI,"RUA DR. ARAUJO CASTRO, S/N - JARDIM PERI",02496-010,39848208,3851-0054,SHA Comércio de Alimentos Ltda,6721
271,91545,EMEI,JULIO DE MESQUITA FILHO,FREGUÊSIA / BRASILÂNDIA,FO,emeijmesquita@prefeitura.sp.gov.br,RUA PRF JOSE SOARES DE MELLO,64,VILA NOVA CACHOEIRINHA,"RUA PRF JOSE SOARES DE MELLO, 64 - VILA NOVA CACHOEIRINHA",02882-100,38514943,3851-0287,SHA Comércio de Alimentos Ltda,6740
272,91553,EMEI,NELSON MANDELA (EX GUIA LOPES),FREGUÊSIA / BRASILÂNDIA,FO,emeiglopes@prefeitura.sp.gov.br,AVENIDA PROFESSOR CELESTINO BOURROUL,358,JARDIM PEREIRA LEITE,"AVENIDA PROFESSOR CELESTINO BOURROUL, 358 - JARDIM PEREIRA LEITE",02710-000,38581407,3966-1082,SHA Comércio de Alimentos Ltda,6723
273,91561,EMEI,ABELARDO GALDINO PINTO - PIOLIN,FREGUÊSIA / BRASILÂNDIA,FO,emeiabgaldino@prefeitura.sp.gov.br,PRAÇA DO CENTENÁRIO,70,CASA VERDE,"PRAÇA DO CENTENÁRIO, 70 - CASA VERDE",02515-040,39550167,3966-6767,SHA Comércio de Alimentos Ltda,6724
274,91570,EMEI,"EDUARDO GOMES, BRIG.",FREGUÊSIA / BRASILÂNDIA,FO,emeiegomes@prefeitura.sp.gov.br,RUA SANTA EUDOXIA,800,PARQUE PERUCHE,"RUA SANTA EUDOXIA, 800 - PARQUE PERUCHE",02533-010,39660434,3858-0578,SHA Comércio de Alimentos Ltda,6732
275,91588,EMEI,BERTHA LUTZ,FREGUÊSIA / BRASILÂNDIA,FO,emeiberthalutz@prefeitura.sp.gov.bvr,RUA ROMULO NALDI,117,JARDIM ELISA MARIA,"RUA ROMULO NALDI, 117 - JARDIM ELISA MARIA",02873-250,38514412,3851-5094,SHA Comércio de Alimentos Ltda,6733
276,91596,EMEI,"ENZO SILVEIRA, DR.",FREGUÊSIA / BRASILÂNDIA,FO,emeienzosil@ig.com.br,RUA ARMANDO COELHO E SILVA,911,IMIRIM,"RUA ARMANDO COELHO E SILVA, 911 - IMIRIM",02539-000,22398109,2239-3721,SHA Comércio de Alimentos Ltda,6734
277,91723,EMEI,MANUEL BANDEIRA,FREGUÊSIA / BRASILÂNDIA,FO,emeimbandeira@prefeitura.sp.gov.br,RUA ANTONIO GENELLÍ,151,JARDIM MONTE ALEGRE,"RUA ANTONIO GENELLÍ , 151 - JARDIM MONTE ALEGRE",02811-020,39782337,3975-8973,SHA Comércio de Alimentos Ltda,6735
278,91731,EMEI,7 DE SETEMBRO,FREGUÊSIA / BRASILÂNDIA,FO,emei7desetembro@prefeitura.sp.gov.br,RUA BALTAZAR ABADAL,23,VILA SANTISTA,"RUA BALTAZAR ABADAL, 23 - VILA SANTISTA",02560-150,39510799,3951-0815,SHA Comércio de Alimentos Ltda,11087
279,91740,EMEI,JOSE BONIFACIO DE ANDRADA E SILVA,JAÇANÃ / TREMEMBÉ,JT,emeijbsilva@prefeitura.sp.gov.br,RUA DR. CESAR,581,SANTANA,"RUA DR. CESAR, 581 - SANTANA",02013-002,29784772,2973-9457,SHA Comércio de Alimentos Ltda,6767
280,91758,EMEI,"JOSE AUGUSTO CESAR, DR.",JAÇANÃ / TREMEMBÉ,JT,emeiacesar@prefeitura.sp.gov.br,PRACA DR. JOSE AUGUSTO CESAR,51,SANTANA,"PRACA DR. JOSE AUGUSTO CESAR , 51 - SANTANA",02403-080,29784169,2978-4169,SHA Comércio de Alimentos Ltda,6768
281,91766,EMEI,"GINA DE MARTINO, DRA.",JAÇANÃ / TREMEMBÉ,JT,emeigmartino@prefeitura.sp.gov.br,PRAÇA DONA JOANA,111,VILA AURORA,"PRAÇA DONA JOANA, 111 - VILA AURORA",02409-050,2203-4521,,SHA Comércio de Alimentos Ltda,6769
282,91774,EMEI,"ENIO CORREA, PROF.",JAÇANÃ / TREMEMBÉ,JT,emeiecorrea@prefeitura.sp.gov.br,AVENIDA BASILÉIA,80,LAUZANE PAULISTA,"AVENIDA BASILÉIA, 80 - LAUZANE PAULISTA",02440-160,22586173,2231-9840,SHA Comércio de Alimentos Ltda,6770
283,91782,EMEI,"EUDOXIA DE BARROS, PROFA.",JAÇANÃ / TREMEMBÉ,JT,emeiebarros@prefeitura.sp.gov.br,RUA SONIA MARGY,246,JARDIM TREMEMBÉ,"RUA SONIA MARGY, 246 - JARDIM TREMEMBÉ",02351-000,29962944,2203-3481,SHA Comércio de Alimentos Ltda,6771
284,91791,EMEI,ARTHUR ETZEL,JAÇANÃ / TREMEMBÉ,JT,emeiaetzel@prefeitura.sp.gov.br,PARQUE DOMINGOS LUIZ,20,JARDIM SÃO PAULO,"PARQUE DOMINGOS LUIZ, 20 - JARDIM SÃO PAULO",02043-080,29731598,2973-1598,SHA Comércio de Alimentos Ltda,6772
285,91821,EMEI,"FEIJO, REG.",IPIRANGA,IP I,emeifeijo@prefeitura.sp.gov.br,"RUA LACERDA FRANCO, DEP",795,CAMBUCI,"RUA LACERDA FRANCO, DEP, 795 - CAMBUCI",01536-000,32087804,3277-8700,Singular Gestão de Serviços Ltda,6758
286,91839,EMEI,ALBERTO DE OLIVEIRA,IPIRANGA,IP I,emeialbertooliveira@prefeitura.sp.gov.br,PRAÇA DONATELLO,335,CAMBUCI,"PRAÇA DONATELLO, 335 - CAMBUCI",01518-080,32087982,3207-3860,Singular Gestão de Serviços Ltda,6759
287,91847,EMEI,ANGELO MARTINO,IPIRANGA,IP I,emeiamartino@prefeitura.sp.gov.br,RUA HUMAITÁ,536,BELA VISTA,"RUA HUMAITÁ, 536 - BELA VISTA",01321-010,31016333,3101-6333 ,Singular Gestão de Serviços Ltda,6760
288,91855,EMEI,PATRICIA GALVAO,IPIRANGA,IP I,emeipgalvao@prefeitura.sp.gov.br,RUA DA AVANHANDAVA,472,BELA VISTA / CONSOLAÇAO,"RUA DA AVANHANDAVA, 472 - BELA VISTA / CONSOLAÇAO",01306-000,32567859,3237-3622,Singular Gestão de Serviços Ltda,6761
289,91863,EMEI,GABRIEL PRESTES,IPIRANGA,IP I,emeigprestes@prefeitura.sp.gov.br,RUA DA CONSOLAÇÃO,1012,CONSOLAÇÃO,"RUA DA CONSOLAÇÃO, 1012 - CONSOLAÇÃO",01302-000,32567260,3258-4875,Singular Gestão de Serviços Ltda,6762
290,91871,EMEI,ARMANDO DE ARRUDA PEREIRA,IPIRANGA,IP I,emeiaapereira@prefeitura..sp.gov.br,PRAÇA DA REPÚBLICA,350,VILA BUARQUE,"PRAÇA DA REPÚBLICA, 350 - VILA BUARQUE",01045-000,32213892,3224-8170,Singular Gestão de Serviços Ltda,6763
291,91880,EMEI,JOAO THEODORO,IPIRANGA,IP I,emeijtheodoro@prefeitura.sp.gov.br,RUA RIBEIRO DE LIMA,230,BOM RETIRO,"RUA RIBEIRO DE LIMA, 230 - BOM RETIRO",01122-000,33264632,3326-4506,Singular Gestão de Serviços Ltda,6764
292,91898,EMEI,"ALCEU MAYNARD DE ARAUJO, PROF.",IPIRANGA,IP I,emeiamaraujo@prefeitura.sp.gov.br,RUA NEVES CARVALHO,780-A,BOM RETIRO,"RUA NEVES CARVALHO, 780-A - BOM RETIRO",01132-010,32219134,3221-7993,Singular Gestão de Serviços Ltda,6765
293,91901,EMEI,CASPER LIBERO,PENHA,PE II,emeiclibero@prefeitura.sp.gov.br,RUA COM. NESTOR PEREIRA,146,CANINDÉ,"RUA COM. NESTOR PEREIRA, 146 - CANINDÉ",03034-070,33264631,3326-4631,Apetece Sistemas de Alimentação Ltda,9889
294,91910,EMEI,DELFINO AZEVEDO,IPIRANGA,IP II,emeidazevedo@prefeitura.sp.gov.br,PRAÇA PRIMEIRO DE OUTUBRO,30,IPIRANGA,"PRAÇA PRIMEIRO DE OUTUBRO, 30 - IPIRANGA",04261-140,20631602,2272-8023,Singular Gestão de Serviços Ltda,6795
295,91928,EMEI,"MILTON IMPROTA, PROF.",IPIRANGA,IP II,emeimimprota@prefeitura.sp.gov.br,PRAÇA PINHEIRO DA CUNHA,469,IPIRANGA,"PRAÇA PINHEIRO DA CUNHA, 469 - IPIRANGA",04275-050,50617235,5061-7235,Singular Gestão de Serviços Ltda,6796
296,91936,EMEI,"MANUEL SOARES NEIVA, CEL.",IPIRANGA,IP II,emeimsneiva@prefeitura.sp.gov.br,PRAÇA COSMOPOLITA,9,IPIRANGA,"PRAÇA COSMOPOLITA, 9 - IPIRANGA",04277-030,50622279,5062-2279,Singular Gestão de Serviços Ltda,6797
297,91944,EMEI,"THEREZINHA BATISTA PETTAN, PROFA.",IPIRANGA,IP II,emeitbpettan@prefeitura.sp.gov.br,RUA VIGARIO ALBERNAZ,834,VILA GUMERCINDO,"RUA VIGARIO ALBERNAZ, 834 - VILA GUMERCINDO",04134-021,50614908,5061-4908,Singular Gestão de Serviços Ltda,6798
298,91952,EMEI,MONTESE,IPIRANGA,IP II,emeimontese@prefeitura.sp.gov.br,RUA DOMINGOS DE ROGATIS,91,JARDIM DA SAUDE,"RUA DOMINGOS DE ROGATIS, 91 - JARDIM DA SAUDE",04290-080,50619003,5061-9003,Singular Gestão de Serviços Ltda,6799
299,91961,EMEI,"MARIO MARQUES E SERRA, PE.",IPIRANGA,IP II,emeimmserra@prefeitura.sp.gov.br,RUA FRANCISCO PESTANA,10,JARDIM CLIMAX,"RUA FRANCISCO PESTANA, 10 - JARDIM CLIMAX",04176-000,23355243,2335-4678,Singular Gestão de Serviços Ltda,6800
300,91979,EMEI,ANTONIO FRANCISCO LISBOA,IPIRANGA,IP II,emeiaflisboa@prefeitura.sp.gov.br,LARGO SÃO JOÃO CLIMACO,12,SÃO JOÃO CLIMACO,"LARGO SÃO JOÃO CLIMACO, 12 - SÃO JOÃO CLIMACO",04245-010,29463392,2948-4862,Singular Gestão de Serviços Ltda,6801
301,91987,CEU EMEI,"BENNO HUBERT STOLLENWERK, PE.",IPIRANGA,IP II,emeipadrebenno@prefeitura.sp.gog.br,RUA BARBINOS,111,JARDIM PATENTE,"RUA BARBINOS, 111 - JARDIM PATENTE",04240-110,29452519,2945-2520,Singular Gestão de Serviços Ltda,6802
302,91995,EMEI,BATISTA CEPELOS,IPIRANGA,IP II,emeibcepelos@prefeitura.sp.gov.br,RUA BARÃO DO RIO DA PRATA,5,CIDADE NOVA HELIÓPOLIS,"RUA BARÃO DO RIO DA PRATA, 5 - CIDADE NOVA HELIÓPOLIS",04231-004,22729351,2272-9351,Singular Gestão de Serviços Ltda,6803
303,92002,EMEI,"ISABEL, PRINC.",IPIRANGA,IP II,emeiprincisabel@prefeitura.sp.gov.br,RUA AMADIS,453,VILA INDEPENDÊNCIA,"RUA AMADIS, 453 - VILA INDEPENDÊNCIA",04221-000,22732570,2063-6866,Singular Gestão de Serviços Ltda,6804
304,92011,EMEI,"PEDRO I, D.",IPIRANGA,IP II,emeidompedro1@prefeitura.sp.gov.br,PRAÇA NAMI JAFET,305,IPIRANGA,"PRAÇA NAMI JAFET, 305 - IPIRANGA",04205-050,22731980,2272-9211,Singular Gestão de Serviços Ltda,6805
305,92029,EMEI,"TAMANDARE, ALM.",PENHA,PE II,emeitamandare@prefeitura.sp.gov.br,LARGO SÃO RAFAEL,185,MOÓCA,"LARGO SÃO RAFAEL, 185 - MOÓCA",03113-020,27966928,2291-2722,Apetece Sistemas de Alimentação Ltda,6814
306,92037,EMEI,MARCILIO DIAS,PENHA,PE II,emeimdias@prefeitura.sp.gov.br,RUA JAIBARAS,360,MOÓCA,"RUA JAIBARAS, 360 - MOÓCA",03163-040,26942458,2693-1896,Apetece Sistemas de Alimentação Ltda,6815
307,92045,EMEI,GUILHERME RUDGE,PENHA,PE II,emeigrudge@prefeitura.sp.gov.br,PRAÇA MAJOR GUILHERME RUDGE,128,BELENZINHO,"PRAÇA MAJOR GUILHERME RUDGE, 128 - BELENZINHO",03014-020,22929783,2694-9790,Apetece Sistemas de Alimentação Ltda,6816
308,92053,EMEI,ALUISIO DE AZEVEDO,PENHA,PE II,emeiaazevedo@prefeitura.sp.gov.br,RUA CORUMBAÍBA,781,JARDIM ITÁLIA,"RUA CORUMBAÍBA, 781 - JARDIM ITÁLIA",03192-060,20283768,2965-3891,Apetece Sistemas de Alimentação Ltda,6817
309,92061,EMEI,CORNELIO PIRES,PENHA,PE II,emeicpires@prefeitura.sp.gov.br,PRAÇA MANOEL DE MESQUITA,15,VILA INVERNADA,"PRAÇA MANOEL DE MESQUITA, 15 - VILA INVERNADA",03350-040,29650372,2028-3688,Apetece Sistemas de Alimentação Ltda,6818
310,92070,EMEI,"MARIO ALVES DE CARVALHO, DR.",PENHA,PE II,emeimacarvalho@prefeitura.sp.gov.br,PARQUE DOM PEDRO I,S/N,VILA INVERNADA,"PARQUE DOM PEDRO I, S/N - VILA INVERNADA",03351-125,26712684,2671-0067,Apetece Sistemas de Alimentação Ltda,6819
311,92088,EMEI,FRANCISCO ROQUETTI,ITAQUERA,IQ,emeifroquetti@prefeitura.sp.gov.br,PRAÇA LEÃO X,S/N,VILA FORMOSA,"PRAÇA LEÃO X, S/N - VILA FORMOSA",03359-025,21545184,2004-1102,Apetece Sistemas de Alimentação Ltda,6820
312,92096,EMEI,"JOAO ORTALE, PROF.",ITAQUERA,IQ,emeiortale@prefeitura.sp.gov.br,PRAÇA DIOGO DE AGUIRRE,S/N,VILA FORMOSA,"PRAÇA DIOGO DE AGUIRRE, S/N - VILA FORMOSA",03363-110,26742062,2674-1120,Apetece Sistemas de Alimentação Ltda,6821
313,92100,EMEI,"ALBERTO MESQUITA DE CAMARGO, PROF.",ITAQUERA,IQ,emeiamcamargo@prefeitura.sp.gov.br,PRAÇA BARÃO HOMEM DE MELO,S/N,VILA STA ISABEL,"PRAÇA BARÃO HOMEM DE MELO, S/N - VILA STA ISABEL",03423-010,22961400,2098-0333,Apetece Sistemas de Alimentação Ltda,6822
314,92118,EMEI,"NEYL GOMEZ MARTIN, PROFA.",ITAQUERA,IQ,emeingmartin@prefeitura.sp.gov.br,RUA MIGUEL BASTOS SOARES,275,JARDIM IVA,"RUA MIGUEL BASTOS SOARES, 275 - JARDIM IVA",03910-000,21541057,2004-1124,Apetece Sistemas de Alimentação Ltda,10036
315,92126,EMEI,"JOSE VICENTE DA CUNHA, PROF.",SÃO MATEUS,SM II,ceirgpedrosa@prefeitura.sp.gov.br,RUA SÃO JOÃO DO PARAISO,281,JARDIM IMPERADOR,"RUA SÃO JOÃO DO PARAISO, 281 - JARDIM IMPERADOR",03934-000,27214293,2721-4293,Comercial Milano Brasil LTDA,11327
316,92134,EMEI,"OLANDYA PERES RIBEIRO, PROFA.",ITAQUERA,IQ,emeiopribeiro@prefeitura.sp.gov.br,RUA DR. MARIANO C. DE MOURA,395,VILA CARRÃO,"RUA DR. MARIANO C. DE MOURA, 395 - VILA CARRÃO",03451-000,27831220,2783-0893,Apetece Sistemas de Alimentação Ltda,10045
317,92142,EMEI,"SUZANA EVANGELINA FELIPPE, PROFA.",ITAQUERA,IQ,emeisefelippe@prefeitura.sp.gov.br,PRAÇA HAROLDO DALTRO,S/N,VILA NOVA MANCHESTER,"PRAÇA HAROLDO DALTRO, S/N - VILA NOVA MANCHESTER",03444-090,29411368,2091-6132,Apetece Sistemas de Alimentação Ltda,6823
318,92151,EMEI,"ELDY POLI BIFONE, PROFA.",PENHA,PE II,emeiepbifone@prefeitura.sp.gov.br,AVENIDA ARISTON DE AZEVEDO,134,BELENZINHO,"AVENIDA ARISTON DE AZEVEDO, 134 - BELENZINHO",03021-020,22921933,2694-7365,Apetece Sistemas de Alimentação Ltda,6824
319,92169,EMEI,"ANCHIETA, PE.",JAÇANÃ / TREMEMBÉ,JT,emeianchieta@prefeitura.sp.gov.br,RUA MARIA CANDIDA,1592,VILA GUILHERME,"RUA MARIA CANDIDA, 1592 - VILA GUILHERME",02071-002,29093661,2909-3661,SHA Comércio de Alimentos Ltda,6783
320,92177,EMEI,"LOURENCO FILHO, PROF.",JAÇANÃ / TREMEMBÉ,JT,emeilourenco@prefeitura.sp.gov.br,RUA LUIS FELIPE DE ORLEANS,1062,VILA MARIA BAIXA,"RUA LUIS FELIPE DE ORLEANS, 1062 - VILA MARIA BAIXA",02118-001,2954-4860,2954-4860,SHA Comércio de Alimentos Ltda,6784
321,92185,EMEI,ANA NERI,JAÇANÃ / TREMEMBÉ,JT,emeiananeri@prefeitura.sp.gov.br,RUA SD ALBINO CESAR,25,PARQUE NOVO MUNDO,"RUA SD ALBINO CESAR, 25 - PARQUE NOVO MUNDO",02180-010,29540558,2967-5643,SHA Comércio de Alimentos Ltda,6785
322,92193,EMEI,"YUKIO OZAKI, PROF.",JAÇANÃ / TREMEMBÉ,JT,emeiyozaki@prefeitura.sp.gov.br,PRAÇA YEDO,S/N,JARDIM JAPÃO,"PRAÇA YEDO, S/N - JARDIM JAPÃO",02134-050,22122821,2934-0523,SHA Comércio de Alimentos Ltda,6786
323,92207,EMEI,CARLOS GOMES,JAÇANÃ / TREMEMBÉ,JT,emeicgomes@prefeitura.sp.gov.br,PRAÇA JANIO DA SILVA QUADROS,S/N,VILA MARIA ALTA,"PRAÇA JANIO DA SILVA QUADROS, S/N - VILA MARIA ALTA",02132-000,29316779,2982-1444,SHA Comércio de Alimentos Ltda,6787
324,92215,EMEI,EDUARDO CARLOS PEREIRA,JAÇANÃ / TREMEMBÉ,JT,emeiecpereira@prefeitura.sp.gov.br,RUA GAL MENDES,7,VILA MARIA ALTA,"RUA GAL MENDES, 7 - VILA MARIA ALTA",02127-020,29544340,2954-6177,SHA Comércio de Alimentos Ltda,6788
325,92223,EMEI,"MARIA ISABEL PACHECO DE A. RIBEIRO, PROFA.",JAÇANÃ / TREMEMBÉ,JT,emeimipribeiro@prefeitura.sp.gov.br,RUA FRANCISCO FRANCO MACHDO,160,VILA SABRINA,"RUA FRANCISCO FRANCO MACHDO, 160 - VILA SABRINA",02139-020,22010303,2931-5773,SHA Comércio de Alimentos Ltda,6789
326,92231,EMEI,CIDADE FERNAO DIAS,JAÇANÃ / TREMEMBÉ,JT,emeicfdias@prefeitura.sp.gov.br,RUA DO BANDOLIM,27,VILA SABRINA,"RUA DO BANDOLIM, 27 - VILA SABRINA",02161-080,22016349,2201-6349,SHA Comércio de Alimentos Ltda,6792
327,92240,EMEI,"EDU CHAVES, AVIADOR",JAÇANÃ / TREMEMBÉ,JT,emeiechaves@prefeitura.sp.gov.br,AVENIDA EDU CHAVES,1561,PARQUE EDU CHAVES,"AVENIDA EDU CHAVES, 1561 - PARQUE EDU CHAVES",02229-001,22429979,2242-7285,SHA Comércio de Alimentos Ltda,6775
328,92258,EMEI,"OTTILIA DE JESUS PIRES, PROFA.",JAÇANÃ / TREMEMBÉ,JT,emeiojpires@prefeitura.sp.gov.br,RUA SÃO LUIZ GONZAGA,62,JAÇANÃ,"RUA SÃO LUIZ GONZAGA, 62 - JAÇANÃ",02274-150,22417528,2241-7528,SHA Comércio de Alimentos Ltda,6773
329,92266,EMEI,TAUFIK DAUD KURBAN,JAÇANÃ / TREMEMBÉ,JT,emeitdkurban@prefeitura.sp.gov.br,RUA MANOEL GAYA,500,VILA MAZZEI,"RUA MANOEL GAYA, 500 - VILA MAZZEI",02313-001,22037669,2204-5049,SHA Comércio de Alimentos Ltda,6774
330,92274,EMEI,"ITALO BETTARELLO, PROF.",JAÇANÃ / TREMEMBÉ,JT,emeiibettarello@prefeitura.sp.gov.br,AVENIDA JULIO BUONO,2680,JARDIM BRASIL,"AVENIDA JULIO BUONO, 2680 - JARDIM BRASIL",02201-000,22018290,2201-8290,SHA Comércio de Alimentos Ltda,6794
331,92282,EMEI,"LAURA FUNFAS LE SUEUR, PROFA.",JAÇANÃ / TREMEMBÉ,JT,emeilfsueur@prefeitura.sp.gov.br,AVENIDA JULIO BUONO,915,VILA EDE,"AVENIDA JULIO BUONO, 915 - VILA EDE",02201-000,29315739,2201-8906,SHA Comércio de Alimentos Ltda,6791
332,92291,EMEI,FLAVIO IMPERIO,JAÇANÃ / TREMEMBÉ,JT,emeifimperio@prefeitura.sp.gov.br,RUA JOSE FIGLIOLINI,735,VILA NILO,"RUA JOSE FIGLIOLINI, 735 - VILA NILO",02278-020,22410676,2241-6553,SHA Comércio de Alimentos Ltda,6778
333,92363,EMEI,"LUCY GARCIA SALGADO, PROFA.",IPIRANGA,IP I,emeilgsalgado@prefeitura.sp.gov.br,ALAMEDA DOS GUARAMOMIS,1410,AEROPORTO,"ALAMEDA DOS GUARAMOMIS, 1410 - AEROPORTO",04076-012,50444196,5536-9915,Singular Gestão de Serviços Ltda,6837
334,92371,EMEI,"IGNACIO HENRIQUE ROMEIRO, PROF.",IPIRANGA,IP I,emeihromeiro@prefeitura.sp.gov.br,ALAMEDA JAUAPERI,1639,MOEMA,"ALAMEDA JAUAPERI, 1639 - MOEMA",04523-016,50446652,5532-1519,Singular Gestão de Serviços Ltda,8433
335,92380,EMEI,"ANITA COSTA, DA.",IPIRANGA,IP I,emeianitacosta@prefeitura.sp.gov.br,ALAMEDA DOS JURUPIS,254,MOEMA,"ALAMEDA DOS JURUPIS, 254 - MOEMA",04088-000,50522979,5052-2994,Singular Gestão de Serviços Ltda,8434
336,92398,EMEI,SAO PAULO,IPIRANGA,IP I,"emeispaulo@prefeitura,sp.gov.br",RUA PEDRO DE TOLEDO,1231,VILA CLEMENTINO,"RUA PEDRO DE TOLEDO, 1231 - VILA CLEMENTINO",04039-033,55734597,5086-0316,Singular Gestão de Serviços Ltda,8435
337,92401,EMEI,HEITOR VILLA LOBOS,IPIRANGA,IP I,emeihvlobos@prefeitura.sp.gov.br,RUA CURITIBA,232,VILA MARIANA,"RUA CURITIBA, 232 - VILA MARIANA",04005-030,38841363,3885-2595,Singular Gestão de Serviços Ltda,8436
338,92410,EMEI,"ANA ROSA DE ARAUJO, DA.",IPIRANGA,IP I,emeiarraujo@prefeitura.sp.gov.br,RUA ALCEU WAMOSY,244,VILA MARIANA,"RUA ALCEU WAMOSY, 244 - VILA MARIANA",04105-040,55734615,5579-0587,Singular Gestão de Serviços Ltda,8437
339,92428,EMEI,OSWALDO CRUZ,IPIRANGA,IP I,emeiocruz@prefeitura.sp.gov.br,RUA CARLOS GEROLOMO MONACO,171,VILA MARIANA,"RUA CARLOS GEROLOMO MONACO, 171 - VILA MARIANA",04121-050,55711361,5571-1361,Singular Gestão de Serviços Ltda,8438
340,92436,EMEI,"PAULO ALVES, TTE.",IPIRANGA,IP I,emeipalves@prefeitura.sp.gov.br,RUA JOSE DE CAMARGO,259,VILA MARIANA,"RUA JOSE DE CAMARGO, 259 - VILA MARIANA",04239-010,22759575,5581-9585,Singular Gestão de Serviços Ltda,8439
341,92452,EMEI,QUINTA DAS PAINEIRAS,IPIRANGA,IP I,emeiqpaineiras@prefeitura.sp.gov.br,PRAÇA MARIO ORTIZS/Nº,S/N,VILA PRUDENTE,"PRAÇA MARIO ORTIZS/Nº, S/N - VILA PRUDENTE",03151-080,23418203,2345-5536,Singular Gestão de Serviços Ltda,6854
342,92461,EMEI,AFONSO CELSO,IPIRANGA,IP I,emeiafcelso@prefeitura.sp.gov.br,PRAÇA BELCHIOR DE BORBA,61,VILA ALPINA,"PRAÇA BELCHIOR DE BORBA, 61 - VILA ALPINA",03206-070,29172429,,Singular Gestão de Serviços Ltda,6855
343,92479,EMEI,"ZENAIDE GRANDINI, PROFA.",IPIRANGA,IP I,emeizgrandini@prefeitura.sp.gov.br,RUA GRÃO MONGOI,240,VILA CALIFORNIA,"RUA GRÃO MONGOI, 240 - VILA CALIFORNIA",03213-030,29173033,2917-5295,Singular Gestão de Serviços Ltda,6856
344,92487,EMEI,"SEBASTIAO SANCHES MARTINES, PROF.",IPIRANGA,IP I,emeisebastiaosanchesmartines@prefeitura.sp.gov.br,AVENIDA SÃO LUCAS,284,PARQUE SÃO LUCAS,"AVENIDA SÃO LUCAS, 284 - PARQUE SÃO LUCAS",03239-000,21540217,2104-0217,Singular Gestão de Serviços Ltda,6857
345,92495,EMEI,JOSE VERISSIMO,IPIRANGA,IP I,emeijverissimo@prefeitura.sp.gov.br,RUA ANTONIO DE PAIVA AZEVEDO,16,PARQUE TOMAZ SARAIVA,"RUA ANTONIO DE PAIVA AZEVEDO, 16 - PARQUE TOMAZ SARAIVA",03284-080,22168138,2918-7335,Singular Gestão de Serviços Ltda,6858
346,92509,EMEI,BRENNO FERRAZ DO AMARAL,IPIRANGA,IP I,emeibfmaral@prefeitura.sp.gov.br,RUA JACITARA TUPITI,217,VILA PRUDENTE,"RUA JACITARA TUPITI, 217 - VILA PRUDENTE",03244-090,22117933,2154-1101,Singular Gestão de Serviços Ltda,6859
347,92517,EMEI,ORIGENES LESSA,SÃO MATEUS,SM II,emeiolessa@prefeitura.sp.gov.br,AVENIDA EGIDIO MARTINS,S/N,JARDIM PRIMAVERA,"AVENIDA EGIDIO MARTINS, S/N - JARDIM PRIMAVERA",03390-010,21547468,2154-1098,Comercial Milano Brasil LTDA,6840
348,92525,EMEI,BENJAMIN CONSTANT,SÃO MATEUS,SM II,emeibconstant@prefeitura.sp.gov.br,ESTRADA DA CASA GRANDE,133,VILA UNIÃO,"ESTRADA DA CASA GRANDE, 133 - VILA UNIÃO",03260-000,21433699,2143-3553,Comercial Milano Brasil LTDA,6841
349,92533,EMEI,JOSE CLEMENTE PEREIRA,SÃO MATEUS,SM II,emeicpereira@prefeitura.sp.gov.br,AVENIDA DR. PAULO COLOMBO P. DE QUEIROZ,320,PARQUE SANTA MADALENA,"AVENIDA DR. PAULO COLOMBO P. DE QUEIROZ, 320 - PARQUE SANTA MADALENA",03982-130,27022074,2702-2674,Comercial Milano Brasil LTDA,6842
350,92541,EMEI,VICENTE DE CARVALHO,SÃO MATEUS,SM II,emeivcarvalho@prefeitura.sp.gov.br,RUA VITORIA MARCONATO ZONTA,60,JARDIM SAPOPEMBA,"RUA VITORIA MARCONATO ZONTA, 60 - JARDIM SAPOPEMBA",03975-090,29191017,2015-3198,Comercial Milano Brasil LTDA,6843
351,92550,EMEI,ATAULFO ALVES,SÃO MATEUS,SM II,emeiaalves@prefeitura.sp.gov.br,RUA CACHOEIRA DE MINAS,172,JARDIM SANTA ADELIA,"RUA CACHOEIRA DE MINAS, 172 - JARDIM SANTA ADELIA",03973-050,29191689,2015-3215,Comercial Milano Brasil LTDA,11312
352,92568,EMEI,MARIO DE ANDRADE,SÃO MATEUS,SM I,emeimandrade@prefeitura.sp.gov.br,RUA SARGENTO IRACITAN COIMBRA,511,JARDIM VERA CRUZ,"RUA SARGENTO IRACITAN COIMBRA, 511 - JARDIM VERA CRUZ",08310-580,29193849,2019-2299,SHA Comércio de Alimentos Ltda,11324
353,92576,EMEI,"VITAL BRAZIL, DR.",SÃO MATEUS,SM I,emeivbrasil@prefeitura.sp.gov.br,AVENIDA RODOLFO PIRANI,320,RODOLFO PIRANI,"AVENIDA RODOLFO PIRANI, 320 - RODOLFO PIRANI",08310-000,27512289,2751-3210,SHA Comércio de Alimentos Ltda,11310
354,92584,EMEI,"ANTONIA DE OLIVEIRA MOTA DE ARAUJO, PROFA.",SÃO MATEUS,SM I,emeiaomaraujo@prefeitura.sp.gov.br,RUA CINIRA POLONIO,1,CONJ. PRÓ-MORAR RIO CLARO,"RUA CINIRA POLONIO, 1 - CONJ. PRÓ-MORAR RIO CLARO",08395-320,27512869,2753-7999,SHA Comércio de Alimentos Ltda,11328
355,92592,EMEI,MANOEL FIEL FILHO,SÃO MATEUS,SM I,emeimfiel@prefeitura.sp.gov.br,RUA DR. ARISTIDES RICARDO,297,PARQUE SÃO RAFAEL,"RUA DR. ARISTIDES RICARDO, 297 - PARQUE SÃO RAFAEL",08311-270,20153211,2015-3211,SHA Comércio de Alimentos Ltda,11323
356,92606,EMEI,ADEVALDO DE MORAES,SÃO MATEUS,SM II,emeiamoraes@prefeitura.sp.gov.br,RUA ORESTE DAMOLIN,791,JARDIM SAPOPEMBA,"RUA ORESTE DAMOLIN, 791 - JARDIM SAPOPEMBA",03526-860,27020526,2704-3404,Comercial Milano Brasil LTDA,6844
357,92614,EMEI,"CARLOS HUMBERTO VOLPON, PROF.",SÃO MATEUS,SM II,emeicvolpon@prefeitura.sp.gov.br,RUA SARGENTO LUIS RODRIGUES FILHO,191,COHAB MAKL MASC.  DE MORAES,"RUA SARGENTO LUIS RODRIGUES FILHO, 191 - COHAB MAKL MASC.  DE MORAES",03977-360,29196446,,Comercial Milano Brasil LTDA,6845
358,92631,EMEI,CLOVIS BEVILACQUA,SÃO MATEUS,SM II,emeicbevilacqua@prefeitura.sp.gov.br,RUA JOSÉ DE QUEIROZ MATOS,190,JARDIM SAPOPEMBA,"RUA JOSÉ DE QUEIROZ MATOS, 190 - JARDIM SAPOPEMBA",03922-040,2143-1388,,Comercial Milano Brasil LTDA,6846
359,92649,EMEI,CHIQUINHA GONZAGA,SÃO MATEUS,SM II,emeicgonzaga@prefeitura.sp.gov.br,RUA CARLO CLAUSETTI,298,JARDIM SAPOPEMBA,"RUA CARLO CLAUSETTI, 298 - JARDIM SAPOPEMBA",03928-220,27047791,,Comercial Milano Brasil LTDA,6847
360,92657,EMEI,NINI DUARTE,SÃO MATEUS,SM II,emeinduarte@prefeitura.sp.gov.br,RUA ESQUIVEL NAVARRO,180,JARDIM SAPOPEMBA,"RUA ESQUIVEL NAVARRO, 180 - JARDIM SAPOPEMBA",03928-130,27049915,,Comercial Milano Brasil LTDA,6848
361,92665,EMEI,CARMEM MIRANDA,SÃO MATEUS,SM I,emeicmiranda@prefeitura.sp.gov.br,RUA MIGUEL FERREIRA DE MELO,10,JARDIM SANTO ANDRE,"RUA MIGUEL FERREIRA DE MELO, 10 - JARDIM SANTO ANDRE",08390-000,27517914,,SHA Comércio de Alimentos Ltda,11313
362,92673,EMEI,JOSE MAURO DE VASCONCELOS,SÃO MATEUS,SM II,emeijmvasconcelos@prefeitura.sp.gov.br,RUA JOSINO MENDES ALVARENGA FREIRE,341,JARDIM TIETÊ,"RUA JOSINO MENDES ALVARENGA FREIRE, 341 - JARDIM TIETÊ",03964-020,20196768,2019-6768,Comercial Milano Brasil LTDA,11322
363,97071,EMEI,"KLAUS REINACH, ENG.",GUAIANASES,G,emeikreinach@prefeitura.sp.gov.br,RUA JOSÉ FRANCISCO BRANDÃOS/N.,S/N,SANTA ETELVINA VI A,"RUA JOSÉ FRANCISCO BRANDÃOS/N., S/N - SANTA ETELVINA VI A",08490-600,29648046,,Apetece Sistemas de Alimentação Ltda,6658
364,97080,EMEI,ELISA KAUFFMANN ABRAMOVICH,GUAIANASES,G,emeiekabramovich@prefeitura.sp.gov.br,RUA RENE DE TOLEDO,55,CIDADE TIRADENTES III A,"RUA RENE DE TOLEDO, 55 - CIDADE TIRADENTES III A",08471-740,22820978,,Apetece Sistemas de Alimentação Ltda,6626
365,97098,EMEI,VALDIR AZEVEDO,GUAIANASES,G,emeivazevedo@prefeitura.sp.gov.br,RUA INÁCIO MONTEIRO,333,INÁCIO MONTEIRO,"RUA INÁCIO MONTEIRO, 333 - INÁCIO MONTEIRO",08490-000,25552124,2555-2403,Apetece Sistemas de Alimentação Ltda,6659
366,97101,EMEI,"TANCREDO NEVES, PRES.",SÃO MIGUEL,MP II,emeitneves@prefeitura.sp.gov.br,RUA ANTONIO MARIA ESCUDEIRO RIVAS,287,ITAIM PAULISTA,"RUA ANTONIO MARIA ESCUDEIRO RIVAS, 287 - ITAIM PAULISTA",08130-090,29633405,2963-8629,Singular Gestão de Serviços Ltda,6697
367,97691,EMEI,DILSON FUNARO,SÃO MIGUEL,MP I,emeidfunaro@prefeitura.sp.gov.br,RUA ALBERTINA MEDEIROS,489,VILA DANUBIO AZUL,"RUA ALBERTINA MEDEIROS, 489 - VILA DANUBIO AZUL",08241-250,20514609,,Singular Gestão de Serviços Ltda,6698
368,98515,EMEI,"ALBERT SABIN, DR.",CAPELA DO SOCORRO,CS,emeialbertsabin@prefeitura.sp.gov.br,AVENIDA JOÃO PAULO DA SILVA,S/N,VILA FRANCA,"AVENIDA JOÃO PAULO DA SILVA, S/N - VILA FRANCA",04777-020,56673744,,P.R.M. SERVIÇOS E MÃO DE OBRA ESPECIALIZADA EIRELI,6590
369,98604,EMEI,"CARVALHO PINTO, GOV.",IPIRANGA,IP I,emeicarvalho@prefeitura.sp.gov.br,RUA ANTONIO ALVES SANTOS,45,VILA INDUSTRIAL,"RUA ANTONIO ALVES SANTOS, 45 - VILA INDUSTRIAL",03256-040,27034446,2702-0035,Singular Gestão de Serviços Ltda,6849
370,98884,EMEI,"ALIOMAR BALEEIRO, MIN.",SÃO MIGUEL,MP I,"emeiabaleeiro@prefeitura.sp.gov,br",RUA JURITI AZUL,103,JARDIM HELENA,"RUA JURITI AZUL, 103 - JARDIM HELENA",08090-310,25811818,,Singular Gestão de Serviços Ltda,6699
371,98931,EMEI,"OSVALDO CORDEIRO DE FARIAS, MAL.",CAPELA DO SOCORRO,CS,emeiocfarias@prefeitura.sp.gov.br,RUA HENRY ARTHUR JONES,S/N,JARDIM ELIANA,"RUA HENRY ARTHUR JONES, S/N - JARDIM ELIANA",04851-120,55280296,,P.R.M. SERVIÇOS E MÃO DE OBRA ESPECIALIZADA EIRELI,6591
372,98957,EMEI,"ARLINDO VEIGA DOS SANTOS, PROF.",FREGUÊSIA / BRASILÂNDIA,FO,emeiavsantos@prefeitura.sp.gov.br,AVENIDA FELIX ALVES PEREIRA,9,JARDIM CENTENARIO,"AVENIDA FELIX ALVES PEREIRA, 9 - JARDIM CENTENARIO",02882-030,38518885,3984-9879,SHA Comércio de Alimentos Ltda,6737
373,98965,EMEI,"ODILIO DENYS, MAL.",FREGUÊSIA / BRASILÂNDIA,FO,emeiodenys@prefeitura.sp.gov.br,RUA PORTEIRA DO PINHAL,206,IMIRIM,"RUA PORTEIRA DO PINHAL, 206 - IMIRIM",02474-040,39849375,3981-1612,SHA Comércio de Alimentos Ltda,6741
374,98973,EMEI,9 DE JULHO,JAÇANÃ / TREMEMBÉ,JT,emei9dejulho@prefeitura.sp.gov.br,RUA MÁRTIRES ARMENIOS,934,JARDIM L. M. BARROS,"RUA MÁRTIRES ARMENIOS, 934 - JARDIM L. M. BARROS",02345-000,29961551,2996-1519,SHA Comércio de Alimentos Ltda,6777
375,98981,EMEI,LUIS GAMA,JAÇANÃ / TREMEMBÉ,JT,emeilgama@prefeitura.sp.gov.br,RUA INVASÃO DOS HOLANDESES,45,VILA SABRINA,"RUA INVASÃO DOS HOLANDESES, 45 - VILA SABRINA",02141-070,29317847,2212-5675,SHA Comércio de Alimentos Ltda,6790
376,98990,EMEI,"JONISE MAXIMO DA FONSECA, PROFA.",JAÇANÃ / TREMEMBÉ,JT,emeijmfonseca@prefeitura.sp.gov.br,RUA MIGUEL ARROJADO LISBOA,153,JARDIM CABUÇU,"RUA MIGUEL ARROJADO LISBOA, 153 - JARDIM CABUÇU",02238-090,22422749,2242-3900,SHA Comércio de Alimentos Ltda,6782
377,99074,EMEI,DANTON CASTILHO CABRAL,SÃO MATEUS,SM II,emeidccabral@prefeitura.sp.gov.br,RUA SILVESTRO SILVESTRI,319,JARDIM ANGELA,"RUA SILVESTRO SILVESTRI, 319 - JARDIM ANGELA",03985-000,27034767,,Comercial Milano Brasil LTDA,6860
378,99082,EMEI,"JOSE ALOYSIO RODRIGUES CORREA, PROF.",PENHA,PE II,emeiarcorrea@prefeitura.sp.gov.br,RUA MÁLAGA,391,PARQUE SEVILHA,"RUA MÁLAGA, 391 - PARQUE SEVILHA",03157-030,20283761,2028-3761,Apetece Sistemas de Alimentação Ltda,6828
379,99210,EMEI,CHARLES CHAPLIN,SÃO MATEUS,SM II,emeicchaplin@prefeitura.sp.gov.br,RUA ESQUIVEL NAVARRO,463,COHAB TEOTÔNIO VILELA,"RUA ESQUIVEL NAVARRO, 463 - COHAB TEOTÔNIO VILELA",03928-130,27048885,2704-8885,Comercial Milano Brasil LTDA,6851
380,99279,EMEI,ISA SILVEIRA LEAL,PENHA,PE I,emeiisasleal@prefeitura.sp.gov.br,RUA JOAQUIM ALVES DINIS,912,VILA SÃO FRANCISCO,"RUA JOAQUIM ALVES DINIS, 912 - VILA SÃO FRANCISCO",03679-020,22808281,2049-2407,Apetece Sistemas de Alimentação Ltda,6664
381,99333,EMEI,JARDIM MARILIA,ITAQUERA,IQ,emeijmerilia@prefeitura.sp.gov.br,RUA QUINTINO DA CUNHA,20,JARDIM MARÍLIA,"RUA QUINTINO DA CUNHA, 20 - JARDIM MARÍLIA",03579-160,27472444,2741-0988,Apetece Sistemas de Alimentação Ltda,6627
382,99341,EMEI,"MARIA DA CONCEICAO VIEIRA PEREIRA, PROFA.",SÃO MIGUEL,MP II,emeimcpereira@prefeitura.sp.gov.br,RUA DIOGO DE GOUVEIA OSORIO,18,JARDIM DAS OLIVEIRAS,"RUA DIOGO DE GOUVEIA OSORIO, 18 - JARDIM DAS OLIVEIRAS",08122-480,29633404,,Singular Gestão de Serviços Ltda,6700
383,99538,EMEI,RACHEL MESQUITA DE SALLES OLIVEIRA,SÃO MATEUS,SM II,emeirmsoliveira@prefeitura.sp.gov.br,RUA MILTON DA CRUZ,585,JARDIM PLANALTO,"RUA MILTON DA CRUZ, 585 - JARDIM PLANALTO",03983-080,27031242,,Comercial Milano Brasil LTDA,6852
384,99643,EMEI,DULCE HAUCK,FREGUÊSIA / BRASILÂNDIA,FO,dulcehauck@hotmail.com,RUA ANTONIO JOAQUIM SILVA,10,JARDIM ALMANARA,"RUA ANTONIO JOAQUIM SILVA, 10 - JARDIM ALMANARA",02865-050,38518158,3851-8158,SHA Comércio de Alimentos Ltda,6738
385,99805,EMEI,J.G. DE ARAUJO JORGE,SÃO MIGUEL,MP II,emeijgajorge@prefeitura.sp.gov.br,RUA VALDOMIRO GONZAGA SILVA,1209,ITAIM PAULISTA,"RUA VALDOMIRO GONZAGA SILVA, 1209 - ITAIM PAULISTA",08111-540,25676528,,Singular Gestão de Serviços Ltda,6701
